,Fecha,Aguascalientes,Baja California,Baja California Sur,Campeche,Chiapas,Chihuahua,Ciudad de México,Coahuila,Colima,Durango,México,Guanajuato,Guerrero,Hidalgo,Jalisco,Michoacán,Morelos,Nayarit,Nuevo León,Oaxaca,Puebla,Querétaro,Quintana Roo,San Luis Potosí,Sinaloa,Sonora,Tabasco,Tamaulipas,Tlaxcala,Veracruz,Yucatán,Zacatecas,País
0,2020-02-22,0.0,0.0,0.0,0.0,0.0,0.0,1.0,0.0,0.0,0.0,0.0,0.0,0.0,0.0,0.0,0.0,0.0,0.0,0.0,0.0,0.0,0.0,0.0,0.0,0.0,0.0,0.0,0.0,0.0,0.0,0.0,0.0,1.0
1,2020-02-23,0.0,0.0,0.0,0.0,0.0,0.0,1.0,0.0,0.0,0.0,0.0,0.0,0.0,0.0,0.0,0.0,0.0,0.0,0.0,0.0,0.0,0.0,0.0,0.0,0.0,0.0,0.0,0.0,0.0,0.0,0.0,0.0,1.0
2,2020-02-24,0.0,0.0,0.0,0.0,0.0,0.0,0.0,0.0,0.0,0.0,0.0,0.0,0.0,0.0,1.0,0.0,0.0,0.0,0.0,0.0,0.0,0.0,0.0,0.0,0.0,0.0,0.0,0.0,0.0,0.0,0.0,0.0,1.0
3,2020-02-25,0.0,0.0,0.0,0.0,0.0,0.0,1.0,0.0,0.0,0.0,0.0,0.0,0.0,0.0,0.0,0.0,0.0,0.0,0.0,0.0,0.0,0.0,0.0,0.0,0.0,0.0,0.0,0.0,0.0,0.0,0.0,0.0,1.0
4,2020-02-26,0.0,0.0,0.0,0.0,0.0,0.0,0.0,0.0,0.0,0.0,1.0,0.0,0.0,0.0,0.0,0.0,0.0,0.0,0.0,0.0,0.0,0.0,0.0,0.0,0.0,0.0,0.0,0.0,0.0,0.0,0.0,0.0,1.0
5,2020-02-27,0.0,0.0,0.0,0.0,0.0,0.0,1.0,0.0,0.0,0.0,0.0,0.0,0.0,0.0,0.0,0.0,0.0,0.0,0.0,0.0,0.0,0.0,0.0,0.0,0.0,0.0,0.0,0.0,0.0,0.0,0.0,0.0,1.0
6,2020-02-28,0.0,0.0,0.0,0.0,0.0,0.0,0.0,0.0,0.0,0.0,0.0,0.0,0.0,0.0,0.0,0.0,0.0,0.0,0.0,0.0,0.0,0.0,0.0,0.0,0.0,0.0,0.0,0.0,0.0,0.0,0.0,0.0,0.0
7,2020-02-29,0.0,0.0,0.0,0.0,0.0,0.0,0.0,0.0,0.0,0.0,1.0,0.0,0.0,0.0,0.0,0.0,0.0,0.0,0.0,0.0,0.0,0.0,0.0,0.0,0.0,0.0,0.0,0.0,0.0,0.0,0.0,0.0,1.0
8,2020-03-01,0.0,0.0,0.0,0.0,0.0,0.0,1.0,0.0,0.0,0.0,0.0,0.0,0.0,0.0,0.0,0.0,0.0,0.0,0.0,0.0,0.0,0.0,1.0,0.0,1.0,0.0,0.0,0.0,0.0,0.0,0.0,0.0,3.0
9,2020-03-02,0.0,0.0,0.0,0.0,0.0,0.0,0.0,0.0,0.0,0.0,2.0,0.0,0.0,0.0,0.0,0.0,0.0,0.0,0.0,0.0,0.0,0.0,0.0,0.0,0.0,0.0,0.0,0.0,0.0,0.0,0.0,0.0,2.0
10,2020-03-03,0.0,0.0,0.0,0.0,0.0,0.0,2.0,0.0,0.0,0.0,3.0,0.0,0.0,0.0,0.0,0.0,0.0,0.0,0.0,0.0,0.0,0.0,0.0,0.0,0.0,0.0,0.0,0.0,0.0,0.0,0.0,0.0,5.0
11,2020-03-04,0.0,0.0,0.0,0.0,0.0,0.0,1.0,1.0,0.0,0.0,1.0,0.0,0.0,0.0,0.0,0.0,0.0,0.0,0.0,0.0,0.0,0.0,0.0,0.0,0.0,0.0,1.0,0.0,0.0,0.0,0.0,0.0,4.0
12,2020-03-05,0.0,0.0,0.0,0.0,0.0,0.0,0.0,0.0,0.0,0.0,0.0,0.0,0.0,0.0,0.0,0.0,0.0,0.0,0.0,0.0,0.0,0.0,0.0,0.0,0.0,0.0,0.0,0.0,0.0,0.0,0.0,0.0,0.0
13,2020-03-06,0.0,0.0,0.0,0.0,0.0,0.0,1.0,0.0,0.0,0.0,1.0,0.0,0.0,0.0,0.0,0.0,0.0,0.0,1.0,0.0,0.0,0.0,0.0,0.0,0.0,0.0,0.0,0.0,0.0,0.0,0.0,0.0,3.0
14,2020-03-07,0.0,0.0,0.0,0.0,0.0,0.0,0.0,0.0,0.0,0.0,2.0,0.0,0.0,0.0,0.0,0.0,0.0,0.0,0.0,0.0,0.0,0.0,0.0,0.0,0.0,0.0,0.0,0.0,0.0,0.0,0.0,0.0,2.0
15,2020-03-08,0.0,0.0,0.0,0.0,0.0,0.0,0.0,0.0,0.0,0.0,0.0,0.0,0.0,1.0,0.0,0.0,0.0,0.0,0.0,0.0,0.0,0.0,0.0,0.0,0.0,0.0,0.0,0.0,0.0,0.0,1.0,0.0,2.0
16,2020-03-09,0.0,0.0,0.0,0.0,0.0,0.0,2.0,0.0,0.0,0.0,7.0,0.0,0.0,0.0,0.0,1.0,0.0,0.0,0.0,0.0,0.0,0.0,0.0,0.0,1.0,0.0,0.0,0.0,0.0,0.0,0.0,0.0,11.0
17,2020-03-10,0.0,0.0,0.0,0.0,0.0,0.0,2.0,1.0,0.0,0.0,0.0,0.0,0.0,0.0,0.0,0.0,0.0,0.0,0.0,0.0,1.0,0.0,0.0,0.0,0.0,0.0,0.0,0.0,0.0,0.0,0.0,0.0,4.0
18,2020-03-11,0.0,0.0,0.0,0.0,0.0,0.0,6.0,0.0,0.0,0.0,1.0,0.0,0.0,0.0,1.0,0.0,0.0,0.0,0.0,1.0,0.0,0.0,0.0,0.0,0.0,0.0,0.0,0.0,0.0,0.0,0.0,0.0,9.0
19,2020-03-12,0.0,2.0,0.0,0.0,0.0,0.0,18.0,0.0,0.0,0.0,9.0,0.0,0.0,0.0,1.0,0.0,0.0,0.0,0.0,2.0,1.0,0.0,0.0,0.0,0.0,0.0,0.0,0.0,0.0,0.0,0.0,0.0,33.0
20,2020-03-13,0.0,0.0,0.0,0.0,1.0,0.0,11.0,1.0,0.0,0.0,9.0,0.0,0.0,1.0,1.0,0.0,0.0,0.0,1.0,0.0,1.0,0.0,0.0,0.0,0.0,1.0,0.0,0.0,0.0,0.0,0.0,0.0,27.0
21,2020-03-14,0.0,1.0,0.0,0.0,0.0,0.0,15.0,0.0,0.0,0.0,7.0,1.0,0.0,0.0,0.0,0.0,0.0,0.0,0.0,0.0,0.0,0.0,2.0,0.0,2.0,0.0,0.0,0.0,0.0,0.0,0.0,0.0,28.0
22,2020-03-15,0.0,2.0,0.0,0.0,0.0,0.0,15.0,0.0,0.0,1.0,4.0,0.0,0.0,0.0,0.0,0.0,0.0,1.0,0.0,0.0,0.0,0.0,2.0,1.0,0.0,0.0,0.0,0.0,0.0,1.0,0.0,0.0,27.0
23,2020-03-16,1.0,2.0,0.0,0.0,0.0,0.0,13.0,1.0,0.0,0.0,4.0,1.0,0.0,0.0,0.0,0.0,0.0,0.0,0.0,0.0,2.0,0.0,0.0,0.0,3.0,0.0,0.0,0.0,0.0,0.0,1.0,1.0,29.0
24,2020-03-17,0.0,2.0,1.0,0.0,0.0,1.0,25.0,1.0,0.0,0.0,16.0,0.0,1.0,0.0,0.0,2.0,0.0,0.0,0.0,0.0,2.0,2.0,1.0,0.0,1.0,1.0,0.0,0.0,0.0,0.0,0.0,1.0,57.0
25,2020-03-18,0.0,5.0,0.0,0.0,0.0,1.0,20.0,0.0,0.0,1.0,9.0,0.0,2.0,1.0,3.0,0.0,0.0,0.0,0.0,0.0,0.0,0.0,4.0,0.0,2.0,0.0,0.0,0.0,0.0,2.0,0.0,0.0,50.0
26,2020-03-19,0.0,6.0,0.0,0.0,0.0,0.0,20.0,0.0,0.0,1.0,14.0,1.0,2.0,1.0,0.0,0.0,1.0,0.0,0.0,1.0,2.0,0.0,4.0,0.0,2.0,1.0,2.0,0.0,0.0,1.0,1.0,1.0,61.0
27,2020-03-20,1.0,11.0,0.0,0.0,0.0,3.0,38.0,0.0,0.0,0.0,18.0,0.0,1.0,2.0,2.0,0.0,0.0,0.0,0.0,0.0,2.0,0.0,1.0,1.0,4.0,1.0,1.0,1.0,0.0,3.0,1.0,0.0,91.0
28,2020-03-21,0.0,1.0,0.0,0.0,1.0,1.0,22.0,1.0,0.0,0.0,17.0,1.0,1.0,1.0,3.0,0.0,2.0,0.0,1.0,0.0,4.0,0.0,3.0,1.0,4.0,0.0,0.0,1.0,0.0,0.0,2.0,0.0,67.0
29,2020-03-22,0.0,1.0,1.0,0.0,0.0,1.0,25.0,0.0,0.0,0.0,23.0,2.0,0.0,0.0,0.0,1.0,1.0,0.0,1.0,0.0,4.0,0.0,2.0,0.0,5.0,2.0,1.0,1.0,0.0,0.0,2.0,0.0,73.0
30,2020-03-23,0.0,9.0,1.0,1.0,2.0,0.0,39.0,2.0,0.0,1.0,20.0,1.0,0.0,2.0,2.0,2.0,2.0,0.0,1.0,0.0,6.0,1.0,8.0,0.0,9.0,1.0,3.0,1.0,1.0,1.0,1.0,0.0,117.0
31,2020-03-24,0.0,9.0,1.0,0.0,0.0,4.0,21.0,1.0,1.0,1.0,15.0,0.0,1.0,0.0,0.0,1.0,1.0,1.0,0.0,0.0,3.0,0.0,4.0,1.0,8.0,1.0,0.0,0.0,1.0,0.0,2.0,0.0,77.0
32,2020-03-25,1.0,11.0,1.0,1.0,1.0,4.0,29.0,1.0,1.0,2.0,22.0,1.0,1.0,0.0,3.0,3.0,1.0,0.0,1.0,0.0,1.0000000000000002,1.0,8.0,0.0,4.0,0.0,1.0,1.0,0.0,2.0,0.0,0.0,102.0
33,2020-03-26,0.0,13.0,0.0,0.0,0.0,5.0,53.0,1.0,0.0,0.0,31.0,1.0,1.0,2.0,0.0,1.0,0.0,0.0,1.0,0.0,3.0,2.0,6.0,0.0,8.0,3.0,2.0,0.0,0.0,3.0,0.0,0.0,136.0
34,2020-03-27,1.0,10.0,1.0,0.0,2.0,2.0,32.0,3.0,0.0,0.0,24.0,1.0,0.0,2.0,3.0,2.0,1.0,0.0,1.0,0.0,10.000000000000002,0.0,11.0,1.0,8.0,3.0,1.0,0.0,0.0,3.0,0.0,0.0,122.0
35,2020-03-28,0.0,7.0,1.0,1.0,0.0,7.0,40.0,2.0,0.0,0.0,17.0,1.0,0.0,1.0,0.0,1.0,2.0,1.0,0.0,0.0,5.000000000000003,0.0,9.0,0.0,5.0,4.0,5.0,0.0,3.0,1.0,1.0,0.0,114.0
36,2020-03-29,0.0,24.0,0.0,0.0,0.0,4.0,30.0,2.0,1.0,0.0,27.0,0.0,2.0,2.0,0.0,1.0,1.0,0.0,1.0,1.0,6.000000000000002,0.0,10.0,2.0,9.0,0.0,6.0,0.0,0.0,1.0,3.0,0.0,133.0
37,2020-03-30,0.0,16.0,1.0,0.0,0.0,1.0000000000000004,54.0,4.0,0.0,0.0,42.0,0.0,2.0,3.0,5.0,2.0,0.0,0.0,1.0,3.0,12.000000000000002,0.0,13.0,0.0,15.0,1.0,5.0,2.0,0.0,3.0,2.0,0.0,187.00000000000003
38,2020-03-31,0.0,19.0,1.0,0.0,0.0,10.0,40.0,1.0,0.0,0.0,22.0,1.0,4.0,1.0,1.0,1.0,1.0,1.0,1.0,0.0,4.000000000000002,1.0,8.0,2.0,17.0,3.0,3.0,1.0,0.0,2.0,1.0,2.0,148.0
39,2020-04-01,1.0,30.0,1.0,0.0,2.0,7.0,73.0,4.0,0.0,0.0,53.0,5.0,1.0,0.0,2.0,7.0,4.0,1.0,2.0,0.0,7.000000000000003,2.0,11.0,0.0,14.0,6.0,4.0,1.0,1.0,3.0,3.0,0.0,245.00000000000003
40,2020-04-02,1.0,34.0,2.0,1.0,0.0,10.0,66.0,2.0,0.0,1.0,33.0,0.0,4.0,0.0,3.0,3.0,2.0,1.0,3.0,0.0,19.000000000000004,1.0,9.0,0.0,12.0,1.0,7.0,0.0,3.0,7.0,2.0,1.0,228.0
41,2020-04-03,1.0,27.0,0.0,4.0,2.0,14.0,59.00000000000001,1.0,0.0,0.0,41.0,4.0,2.0,3.0,2.0,1.0,3.0,0.0,2.0,2.0,8.000000000000002,3.0,11.0,0.0,14.0,2.0,5.0,0.0,0.0,3.0,4.0,1.0,219.0
42,2020-04-04,0.0,31.0,1.0,1.0,0.0,7.0,57.0,4.0,0.0,1.0,32.0,2.0,3.0,0.0,3.0,2.0,4.0,1.0,0.0,1.0,5.000000000000002,1.0,5.0,0.0,20.0,3.0,8.0,2.0,2.0,4.0,1.0,0.0,201.0
43,2020-04-05,0.0,23.0,3.0,0.0,1.0,4.0,54.0,3.0,0.0,0.0,37.0,3.0,3.0,4.0,1.0,0.0,2.0,2.0,3.0,1.0,3.000000000000002,2.0,14.0,0.0,13.0,2.0,7.0,2.0,1.0,4.0,2.0,0.0,194.0
44,2020-04-06,2.0,29.000000000000004,1.0,0.0,1.0,6.0,81.0,7.0,1.0,1.0,72.0,1.0,4.0,3.0,0.0,3.0,0.0,1.0,2.0,1.0,10.000000000000002,1.0,14.0,0.0,19.0,3.0,9.0,1.0,2.0,6.0,0.0,1.0,282.0
45,2020-04-07,0.0,24.0,1.0,0.0,1.0,6.0,83.00000000000001,2.0,0.0,0.0,55.0,0.0,2.0,2.0,3.0,4.0,2.0,0.0,3.0,0.0,3.0000000000000018,2.0,8.0,0.0,17.0,2.0,13.0,6.0,3.0,5.0,5.0,0.0,252.0
46,2020-04-08,1.0,46.00000000000001,4.0,3.0,1.0,9.0,82.0,3.0,0.0,2.0,74.0,0.0,5.0,4.0,2.0,3.0,4.0,1.0,1.0,1.0,5.000000000000002,0.0,11.0,0.0,25.0,5.0,15.0,2.0,5.0,8.0,2.0,2.0,326.0
47,2020-04-09,0.0,47.00000000000001,2.0,0.0,1.0,14.0,72.0,2.0,0.0,0.0,47.0,2.0,1.0,2.0,3.0,4.0,1.0,0.0,1.0,4.0,7.000000000000002,1.0,9.0,0.0,18.0,5.0,11.0,1.0,2.0,9.0,1.0,0.0,267.0
48,2020-04-10,0.0,56.0,4.0,1.0,0.0,18.0,130.0,6.0,0.0,0.0,125.0,1.0,2.0,0.0,3.0,4.0,11.0,2.0,6.0,3.0,14.000000000000004,0.0,15.0,1.0,29.0,5.0,21.0,3.0,5.000000000000001,9.0,3.0,3.0,480.0
49,2020-04-11,1.0,28.0,3.0,1.0,2.0,11.0,85.0,3.0,2.0,1.0,78.0,4.0,6.0,5.0,1.0,3.0,6.0,1.0,0.0,0.0,15.000000000000002,5.0,17.0,1.0,18.0,3.0,5.0,1.0,3.885780586188048e-16,11.0,7.0,1.0,325.0
50,2020-04-12,0.0,45.0,2.0,0.0,0.0,10.0,96.0,4.0,2.0,0.0,89.0,2.0,6.0,6.0,3.0,6.0,6.0,1.0,3.0,2.0,7.000000000000003,2.0,18.0,0.0,21.0,0.0,20.0,4.0,2.000000000000001,11.0,8.0,1.0,377.0
51,2020-04-13,0.0,40.0,1.0,2.0,3.0,13.0,111.0,3.0,0.0,2.0,111.0,4.0,8.0,7.0,5.0,7.0,9.0,1.0,2.0,0.0,19.000000000000004,0.0,18.0,0.0,23.0,5.0,19.0,6.0,3.0000000000000004,16.0,4.0,0.0,442.0
52,2020-04-14,2.0,46.00000000000001,3.0,1.0,3.0,11.0,97.0,3.0,0.0,2.0,104.0,3.0,2.0,4.0,4.0,2.0,8.0,0.0,4.0,3.0,11.000000000000002,2.0,24.0,2.0,21.0,7.0,23.0,3.0,7.000000000000001,7.000000000000001,6.0,1.0,416.0
53,2020-04-15,4.0,45.0,0.0,2.0,1.0,22.0,158.0,0.0,1.0,0.0,152.0,2.0,8.0,4.0,4.0,6.0,10.0,1.0,3.0,5.0,14.000000000000002,4.0,23.0,0.0,16.0,2.0000000000000004,16.0,2.0,5.000000000000001,18.0,2.0,0.0,530.0
54,2020-04-16,3.0,39.0,1.0,2.0,4.0,18.0,142.0,1.0,0.0,1.0,151.0,3.0,2.0,4.0,3.0,10.0,6.0,2.0,4.0,4.0,15.000000000000004,2.0,26.0,0.0,19.0,4.0,19.0,1.0,4.0,18.0,6.0,1.0,515.0
55,2020-04-17,0.0,37.0,0.0,3.0,1.0,19.0,131.0,1.0,4.0,0.0,175.0,1.0,5.0,7.0,7.0,4.0,13.0,3.0,3.0,1.0,24.000000000000004,1.0,24.0,1.0,17.0,5.0,18.0,3.0,5.000000000000001,16.0,8.0,0.0,537.0
56,2020-04-18,3.0,49.0,1.0,3.0,4.0,21.0,161.0,4.0,0.0,1.0,174.0,2.0,8.0,15.0,3.0,4.0,32.0,2.0,3.0,5.0,29.000000000000004,4.0,26.0,0.0,21.000000000000004,5.0,17.0,0.0,5.000000000000001,25.0,4.0,1.0,632.0
57,2020-04-19,2.0,53.00000000000001,2.0,3.0,3.0,20.0,145.0,3.0,0.0,1.0,141.0,4.0,4.0,15.0,2.0,0.0,15.0,1.0,3.0,6.0,24.000000000000004,2.0,14.0,0.0,33.0,3.0,17.0,1.0,6.000000000000002,15.0,7.0,4.0,549.0
58,2020-04-20,3.0,73.0,3.0,6.0,4.0,35.0,241.00000000000003,4.0,0.0,1.0,200.0,2.0,19.0,20.0,4.0,10.0,22.0,1.0,4.0,8.0,33.00000000000001,2.0,21.0,0.0,36.0,7.0,37.0,2.0,10.000000000000002,36.0,5.0,3.0,852.0
59,2020-04-21,0.0,43.0,0.0,3.0,2.0,13.0,148.0,1.0,0.0,1.0,158.0,3.0,13.0,18.0,6.0,5.0,16.0,0.0,2.0,6.0,22.000000000000007,2.0,21.0,2.0,15.0,1.0,27.0,4.0,6.000000000000001,29.0,11.0,1.0,579.0
60,2020-04-22,1.0,58.0,4.0,3.0,5.0,27.000000000000004,147.0,3.0,0.0,1.0,130.0,4.0,9.0,10.0,1.0,5.0,32.0,2.0,8.0,6.0,14.000000000000004,5.0,19.0,0.0,21.0,5.0,22.0,6.0,3.0000000000000004,17.0,7.0,1.0,576.0
61,2020-04-23,1.0,41.0,2.0,3.0,5.0,29.0,147.0,2.0,2.0,3.0,167.0,2.0,16.0,13.0,4.0,5.0,20.0,2.0,4.0,4.0,23.000000000000007,0.0,16.0,1.0,28.0,6.0,24.0,6.0,7.000000000000001,30.0,14.0,0.0,627.0
62,2020-04-24,0.0,33.0,3.0,2.0,3.0,26.0,173.0,3.0,1.0,2.0,176.0,8.0,10.0,15.0,10.0,6.0,40.0,3.0,2.0,8.0,34.0,1.0,12.0,4.0,25.0,8.0,19.0,7.0,9.000000000000002,39.0,6.0,1.0,689.0
63,2020-04-25,2.0,54.00000000000001,4.0,5.0,11.0,43.0,184.0,2.0,1.0,2.0,185.0,6.0,18.0,13.0,8.0,9.0,29.0,3.0,5.0,3.0,28.000000000000004,3.0,25.0,5.0,29.0,6.0,22.0,7.0,7.000000000000001,41.0,9.0,0.0,769.0
64,2020-04-26,2.0,47.0,0.0,2.0,6.0,18.0,158.0,2.0,0.0,1.0,177.0,5.0,15.0,19.0,10.0,10.0,21.0,3.0,5.0,5.0,26.000000000000004,2.0,20.0,3.0,17.0,7.0,14.0,1.0,13.000000000000002,31.0,7.0,1.0,648.0
65,2020-04-27,2.0,45.0,1.0,7.0,6.0,27.0,213.0,2.0,3.0,2.0,171.0,5.0,14.0,15.0,7.0,8.0,27.0,1.0,7.0,6.0,38.00000000000001,3.0,17.0,7.0,25.000000000000004,11.0,22.0,3.0,5.000000000000001,54.0,12.0,4.0,770.0
66,2020-04-28,1.0,55.0,0.0,3.0,10.0,19.0,178.00000000000003,1.0,0.0,2.0,190.0,4.0,12.0,14.0,6.0,6.0,28.0,1.0,2.0,9.0,20.000000000000007,2.0,20.0,4.0,15.0,7.0,30.0,7.0,3.000000000000001,44.0,4.0,1.0,698.0
67,2020-04-29,3.0,36.0,0.0,7.0,19.0,16.0,124.0,0.0,1.0,1.0,149.0,3.0,9.0,19.0,11.0,8.0,33.0,3.0,2.0,9.0,18.000000000000004,4.0,15.0,1.0,15.0,7.0,19.0,2.0,6.000000000000001,42.0,7.0,2.0,591.0
68,2020-04-30,3.0,55.0,2.0,5.000000000000001,14.0,26.0,223.0,5.0,1.0,0.0,192.0,7.0,16.0,16.0,13.0,11.0,31.0,5.0,6.0,13.0,20.000000000000004,5.0,12.0,2.0,28.0,14.0,29.0,2.0,7.000000000000001,54.0,10.0,2.0,829.0
69,2020-05-01,1.0,88.0,6.0,2.0000000000000004,7.0,31.0,311.0,3.0,1.0,3.0,229.00000000000003,15.0,29.0,23.0,10.0,12.0,37.0,7.0,8.0,8.0,27.000000000000007,6.0,20.0,2.0,41.0,18.0,34.0,11.0,8.000000000000002,61.0,12.0,1.0,1072.0
70,2020-05-02,2.0,74.0,1.0,7.000000000000001,15.0,31.0,157.0,5.0,2.0,3.0,144.0,6.0,15.0,18.0,11.0,8.0,19.0,2.0,3.0,6.0,19.000000000000004,3.0,21.0,4.0,16.0,13.0,37.0,5.0,5.000000000000001,53.0,7.0,0.0,712.0
71,2020-05-03,2.0,46.0,0.0,4.000000000000001,8.0,22.0,178.0,3.0,1.0,6.0,153.0,6.0,17.0,21.0,3.0000000000000004,17.0,25.000000000000004,2.0,3.0,12.0,24.000000000000004,5.0,8.0,2.0,34.0,10.0,35.0,4.0,8.0,56.0,6.0,1.0,722.0
72,2020-05-04,3.0,50.0,1.0,6.000000000000001,8.0,24.0,238.0,5.0,1.0,2.0,178.0,5.0,25.0,23.0,22.0,10.0,32.0,5.0,9.0,6.0,37.00000000000001,6.0,17.0,6.0,26.0,10.0,38.0,5.0,9.000000000000002,44.0,13.0,2.0,866.0
73,2020-05-05,6.0,54.0,5.0,8.0,11.0,24.0,238.00000000000003,5.0,0.0,3.0,222.0,8.0,15.0,17.0,15.0,19.0,28.0,2.0,4.0,17.0,33.00000000000001,10.0,12.0,5.0,28.0,13.0,41.0,9.0,7.000000000000002,73.0,12.0,1.0,945.0
74,2020-05-06,1.0,58.0,1.0,6.000000000000001,9.0,17.0,204.0,2.0,1.0,4.0,203.0,4.0,19.0,18.0,8.0,7.0,24.0,5.0,7.0,10.0,27.000000000000004,8.0,16.0,0.0,20.0,20.0,22.0,11.0,22.0,61.0,13.0,6.0,834.0
75,2020-05-07,6.0,61.0,4.0,1.0000000000000002,11.0,22.0,205.0,3.0,3.0,2.0,214.0,6.0,17.0,16.0,12.0,9.0,24.0,5.0,7.000000000000001,15.0,41.00000000000001,9.0,10.0,1.0,38.0,23.0,22.0,9.0,11.0,44.0,12.0,3.0,866.0000000000001
76,2020-05-08,4.0,73.0,2.0,4.000000000000002,16.0,26.0,247.0,4.0,3.0,2.0,255.0,11.0,27.0,32.0,8.0,16.0,51.0,2.0,18.0,13.0,30.000000000000004,7.0,13.0,3.0,32.0,19.0,41.0,3.0,16.0,57.0,18.0,3.0,1056.0
77,2020-05-09,4.0,49.0,2.0,3.000000000000001,19.0,24.0,181.00000000000003,3.0,2.0,4.0,220.0,4.0,20.0,27.0,14.000000000000002,7.0,27.0,9.0,9.0,14.0,43.00000000000001,8.0,11.0,5.0,40.0,19.0,34.0,3.0,10.000000000000002,52.0,7.0,2.0,876.0000000000001
78,2020-05-10,6.0,73.0,1.0,5.000000000000001,28.0,32.0,351.0,1.0,1.0,1.0,330.0,8.0,32.0,38.0,14.0,24.0,34.0,9.0,8.0,23.0,50.00000000000001,13.0,15.0,9.0,67.0,33.0,43.0,7.0,16.000000000000004,67.0,14.0,2.0,1355.0
79,2020-05-11,2.0,52.0,0.0,5.000000000000001,16.0,28.0,261.0,4.0,2.0,2.0,275.0,13.0,29.0,28.0,18.0,11.0,26.0,5.0,8.0,19.0,59.00000000000001,7.0,7.0,5.0,37.0,32.0,39.0,8.0,12.000000000000002,68.0,14.0,1.0,1093.0
80,2020-05-12,7.0,60.0,2.0,5.000000000000001,14.0,16.0,196.00000000000003,4.0,7.0,2.0,223.0,19.0,22.0,25.0,12.0,10.0,23.0,7.0,4.0,12.0,55.00000000000001,18.0,11.0,4.0,41.0,27.0,27.0,7.0,9.000000000000002,63.0,11.0,3.0,946.0
81,2020-05-13,4.0,62.0,1.0,8.000000000000002,14.0,32.0,180.0,4.0,2.0,3.0,211.0,10.0,22.0,26.0,8.0,8.0,20.0,2.0,10.0,9.0,48.00000000000001,8.0,16.0,5.0,37.0,26.0,26.0,7.0,7.000000000000002,88.0,18.0,2.0,924.0000000000001
82,2020-05-14,6.0,53.0,-0.0,5.000000000000001,22.0,24.0,203.0,6.0,3.0,5.0,230.00000000000003,9.0,35.0,31.0,11.0,12.0,16.0,4.0,9.0,16.0,53.00000000000001,11.0,12.0,3.0,45.0,27.0,30.0,10.0,12.000000000000002,50.0,9.0,4.0,966.0
83,2020-05-15,3.0,72.0,3.0,6.000000000000001,25.0,21.0,249.0,4.0,3.0,4.0,327.0,15.0,60.0,33.0,21.0,26.0,14.0,5.0,14.000000000000002,16.0,52.00000000000001,25.0,13.0,4.0,73.0,46.0,45.0,6.0,5.000000000000002,83.0,10.0,1.0,1284.0
84,2020-05-16,5.0,41.0,5.0,5.000000000000001,29.0,26.0,192.00000000000003,1.0,3.0,3.0,259.0,11.0,38.0,18.0,13.0,9.0,24.0,6.0,8.0,14.0,41.00000000000001,23.0,10.0,0.0,40.0,34.0,29.0,5.0,7.000000000000002,61.0,14.0,2.0,976.0
85,2020-05-17,7.0,50.0,1.0,7.000000000000001,24.0,22.0,210.0,3.0,1.0,5.0,227.0,17.0,45.0,18.0,25.0,11.0,25.0,5.0,7.000000000000001,7.0,47.00000000000001,8.0,11.0,6.0,34.0,31.0,22.0,7.0,11.000000000000002,68.0,8.0,1.0000000000000004,971.0
86,2020-05-18,5.0,48.0,5.0,4.000000000000001,44.0,29.0,242.0,9.0,6.0,3.0,320.0,23.000000000000004,58.0,32.0,24.0,16.0,25.0,9.0,13.0,22.0,60.000000000000014,8.0,24.0,11.0,54.0,50.0,36.0,11.0,14.000000000000004,68.0,17.0,2.0000000000000004,1292.0
87,2020-05-19,1.0,49.0,2.0,7.000000000000002,29.0,20.0,216.00000000000003,7.0,3.0,2.0,244.0,13.0,45.0,37.0,21.0,19.0,15.0,8.0,10.0,17.0,50.00000000000001,9.0,17.0,10.0,46.0,40.0,33.0,12.0,17.000000000000004,77.0,7.0,2.0000000000000004,1085.0
88,2020-05-20,10.0,79.0,0.0,6.000000000000001,28.0,29.0,301.0,5.0,10.0,7.0,367.0,24.0,44.0,26.0,25.0,25.0,29.0,10.0,13.0,18.0,76.00000000000001,7.0,12.0,5.0,81.0,45.0,75.0,12.0,16.000000000000004,84.0,16.0,6.000000000000002,1491.0
89,2020-05-21,10.0,54.0,1.0,9.000000000000002,31.0,23.0,185.0,11.0,3.0,5.0,207.00000000000003,6.0,22.0,24.0,31.0,9.0,16.0,6.0,8.0,19.0,56.00000000000001,11.0,7.0,3.0,50.0,43.0,22.0,10.0,7.000000000000001,67.0,19.0,2.7755575615628914e-16,975.0
90,2020-05-22,7.0,58.0,4.0,15.000000000000004,33.0,19.0,227.0,6.0,3.0,4.0,271.0,22.0,41.0,33.0,20.0,17.0,22.0,5.0,14.000000000000002,10.0,55.00000000000001,11.0,13.0,6.0,47.0,58.00000000000001,37.0,9.0,14.000000000000002,88.0,14.0,12.000000000000002,1195.0
91,2020-05-23,10.0,43.0,3.0,12.000000000000002,31.0,23.0,191.0,11.0,2.0,7.0,273.0,20.0,38.0,36.0,27.0,18.0,22.0,5.0,22.0,17.0,49.00000000000001,12.0,17.0,10.0,58.0,51.0,26.0,14.0,13.000000000000002,79.0,16.0,3.000000000000001,1159.0
92,2020-05-24,11.0,45.0,4.0,7.000000000000001,26.0,18.0,201.0,6.0,0.0,16.0,252.0,17.0,33.0,19.0,43.0,21.0,24.0,12.0,12.0,21.0,51.000000000000014,11.0,16.0,5.0,51.0,50.0,30.0,7.0,15.000000000000004,66.0,12.0,1.0000000000000007,1103.0
93,2020-05-25,8.0,51.0,2.0,9.000000000000002,30.0,29.0,297.0,10.0,4.0,8.0,370.0,22.0,61.0,39.0,52.0,25.0,27.0,17.0,19.0,24.0,64.00000000000001,24.0,19.0,8.0,69.0,63.0,32.0,13.0,19.000000000000004,90.0,12.0,10.000000000000002,1527.0
94,2020-05-26,11.0,52.0,3.0,5.000000000000001,37.0,14.0,208.0,12.0,1.0,5.0,292.0,18.0,43.0,17.0,33.0,19.0,18.0,8.0,10.0,31.0,53.00000000000001,11.0,9.0,7.0,59.0,52.0,21.0,8.0,12.000000000000002,78.0,15.0,8.881784197001252e-16,1162.0
95,2020-05-27,9.0,43.0,6.0,5.000000000000001,24.0,25.0,204.0,4.0,4.0,6.0,273.0,24.0,40.0,36.0,40.0,17.0,18.0,11.0,11.0,19.0,66.00000000000001,7.0,11.0,8.0,51.0,53.0,28.0,13.0,15.000000000000004,52.0,11.0,2.0000000000000013,1136.0
96,2020-05-28,8.0,47.0,3.0,3.0000000000000013,23.0,23.0,219.0,6.0,6.0,6.0,298.0,34.0,50.0,17.0,46.00000000000001,33.0,19.0,15.0,12.0,19.0,66.00000000000001,10.0,12.0,5.0,54.00000000000001,59.0,28.0,5.0,16.000000000000004,70.0,12.0,5.000000000000001,1229.0
97,2020-05-29,12.0,42.0,3.0,8.000000000000002,29.0,27.000000000000004,182.0,7.0,1.0,5.0,307.0,41.0,33.0,21.0,39.0,21.0,27.0,10.0,7.0,32.0,56.00000000000001,17.0,11.0,18.0,47.0,54.0,30.0,8.0,11.000000000000004,69.0,14.0,2.0,1191.0
98,2020-05-30,12.0,41.0,2.0,10.000000000000002,32.0,15.0,173.0,5.0,4.0,9.0,297.0,32.0,33.0,24.0,47.00000000000001,25.000000000000004,21.0,9.0,16.0,31.0,60.000000000000014,19.0,10.0,5.0,55.0,65.0,25.0,10.0,12.000000000000002,88.0,16.0,4.000000000000001,1207.0
99,2020-05-31,10.0,60.0,1.0,11.000000000000002,41.0,21.0,213.0,9.0,3.0,8.0,269.0,30.0,37.0,19.0,54.0,26.0,33.0,15.0,13.0,34.0,59.00000000000001,11.0,14.0,8.0,53.0,68.0,20.0,17.0,16.000000000000004,54.0,5.0,7.000000000000001,1239.0
100,2020-06-01,7.0,65.0,3.0,19.000000000000004,59.0,24.0,373.0,16.0,8.0,9.0,487.0,44.0,70.0,29.0,103.0,42.0,36.0,10.0,32.0,46.0,127.00000000000001,26.0,21.0,10.0,121.0,111.0,57.0,29.0,23.000000000000004,79.0,24.0,5.000000000000002,2115.0
101,2020-06-02,11.0,51.00000000000001,3.0,8.000000000000002,43.0,16.0,200.0,12.0,5.0,11.0,333.0,38.0,37.0,25.0,47.0,23.000000000000004,12.0,9.0,16.0,35.0,56.000000000000014,25.0,11.0,11.0,55.0,68.0,27.0,15.0,19.000000000000004,74.0,11.0,6.000000000000001,1313.0
102,2020-06-03,14.0,53.0,5.0,9.000000000000002,36.0,19.0,173.0,10.0,5.0,6.0,286.0,40.0,27.0,29.0,48.0,30.0,18.0,10.0,21.0,34.0,56.00000000000001,14.0,9.0,10.0,51.0,70.0,20.0,14.0,12.000000000000002,49.0,17.0,6.000000000000001,1201.0
103,2020-06-04,7.0,43.0,2.0,9.000000000000002,30.0,19.0,199.0,14.0,4.0,7.0,309.0,51.00000000000001,31.0,25.0,50.0,22.0,15.0,10.0,25.0,41.0,79.00000000000001,4.0,8.0,9.0,47.0,73.0,17.0,23.0,14.000000000000004,63.0,13.0,11.000000000000004,1274.0
104,2020-06-05,12.0,42.0,2.0,16.0,31.0,17.0,198.0,14.0,4.0,11.0,329.0,46.0,32.0,27.000000000000004,66.0,27.0,28.0,15.0,24.0,27.0,77.00000000000001,11.0,10.0,14.0,57.0,86.0,33.0,28.0,16.000000000000004,70.0,13.0,9.000000000000002,1392.0
105,2020-06-06,20.0,52.0,2.0,16.0,44.0,16.0,205.0,12.0,3.0,15.0,334.0,50.0,48.0,32.0,61.0,31.0,20.0,9.0,32.0,56.0,56.000000000000014,14.000000000000002,12.0,14.0,69.0,63.0,32.0,14.0,20.000000000000004,83.0,12.0,7.000000000000002,1454.0
106,2020-06-07,11.0,47.0,7.0,10.000000000000002,36.0,20.0,168.0,14.0,4.0,12.0,282.0,41.0,40.0,26.0,65.0,30.0,24.0,7.0,22.0,38.0,56.00000000000001,19.0,17.0,12.0,48.0,79.0,22.0,20.0,17.000000000000004,61.0,17.0,8.000000000000002,1280.0
107,2020-06-08,17.0,47.0,4.0,14.000000000000002,34.0,18.0,210.0,13.0,5.0,14.0,307.0,54.0,39.0,29.0,81.0,30.0,32.0,11.0,52.0,65.0,85.00000000000001,14.0,17.0,14.0,56.0,93.0,34.0,39.0,10.000000000000004,81.0,20.0,5.000000000000002,1544.0
108,2020-06-09,9.0,45.0,3.0,17.000000000000004,30.0,12.0,153.0,15.0,8.0,7.0,263.0,66.0,48.0,31.0,65.0,29.0,21.0,12.0,28.0,32.0,63.00000000000001,13.0,15.0,14.0,60.0,83.0,35.0,31.0,8.000000000000002,75.0,18.0,4.000000000000001,1313.0
109,2020-06-10,7.0,72.0,4.0,19.000000000000004,54.0,22.0,217.0,12.0,3.0,5.0,364.0,72.0,48.0,37.0,70.0,40.0,21.0,14.0,50.00000000000001,41.0,87.00000000000001,10.0,15.0,8.0,79.0,97.0,54.0,36.0,27.000000000000004,120.0,21.0,11.000000000000002,1737.0
110,2020-06-11,14.0,47.0,7.0,11.000000000000002,30.0,14.0,133.0,14.0,3.0,7.0,222.0,49.0,35.0,16.0,65.0,20.0,17.0,16.0,40.0,36.0,65.00000000000001,13.0,18.0,11.0,57.0,69.0,31.0,28.0,12.000000000000002,63.00000000000001,21.0,3.000000000000001,1187.0
111,2020-06-12,21.0,32.0,2.0,15.000000000000002,34.0,17.0,158.0,22.0,8.0,16.0,258.0,56.00000000000001,46.0,18.0,70.0,37.0,16.0,13.0,48.0,40.0,85.00000000000001,18.0,19.0,5.0,70.0,79.0,28.0,41.0,14.000000000000002,92.0,26.0,7.000000000000002,1411.0
112,2020-06-13,15.0,42.0,6.0,21.000000000000004,48.0,19.0,130.0,14.0,8.0,7.0,231.0,41.0,35.0,32.0,54.00000000000001,29.0,21.0,11.0,48.0,41.0,64.00000000000001,18.0,20.0,14.0,41.0,66.0,37.0,40.0,15.000000000000002,86.0,16.0,4.000000000000002,1274.0
113,2020-06-14,16.0,43.0,7.0,12.0,40.0,18.0,145.0,16.0,11.0,12.0,249.0,71.0,41.0,15.0,57.0,28.0,13.0,9.0,41.0,24.0,77.00000000000001,19.0,14.0,9.0,57.0,108.0,19.0,33.0,14.000000000000002,75.0,20.0,10.000000000000002,1323.0
114,2020-06-15,19.0,53.0,6.0,18.000000000000004,49.0,20.0,212.0,26.0,10.0,9.0,338.0,62.0,61.0,41.0,70.0,34.0,15.0,19.0,54.0,50.0,117.00000000000001,17.0,23.0,15.0,88.0,118.0,58.0,39.0,32.00000000000001,115.0,33.0,11.000000000000004,1832.0
115,2020-06-16,16.0,53.0,2.0,19.000000000000004,39.0,10.0,135.0,17.0,9.0,11.0,232.0,56.0,30.0,20.0,77.0,20.0,14.0,12.0,57.0,34.0,91.00000000000001,10.0,16.0,12.0,60.0,78.0,34.0,55.0,18.000000000000004,96.0,26.0,10.000000000000002,1369.0
116,2020-06-17,10.0,54.0,2.0,27.000000000000007,25.0,8.0,126.0,14.0,3.0,10.0,170.0,58.0,29.0,28.0,54.0,25.000000000000004,13.0,4.0,48.0,36.0,57.00000000000001,12.0,15.0,14.0,48.0,77.0,33.0,43.0,15.000000000000004,84.0,24.0,4.000000000000002,1170.0
117,2020-06-18,9.0,40.0,5.0,21.000000000000004,28.0,15.0,157.0,21.000000000000004,8.0,10.0,280.0,64.0,28.0,36.0,70.0,25.0,9.0,12.0,66.0,51.0,108.00000000000001,9.0,26.0,12.0,80.0,83.0,34.0,41.0,11.000000000000004,93.0,38.0,8.000000000000002,1498.0
118,2020-06-19,15.0,50.0,5.0,27.000000000000004,32.0,16.0,149.0,21.0,8.0,11.0,256.0,80.0,45.0,24.0,68.0,28.000000000000004,11.0,10.0,55.00000000000001,41.0,99.00000000000001,22.0,19.0,10.0,62.0,75.0,52.0,39.0,20.000000000000004,83.0,29.0,6.000000000000001,1468.0
119,2020-06-20,6.0,79.0,5.0,41.00000000000001,41.0,24.0,195.0,29.000000000000004,14.0,7.0,331.0,96.0,39.0,28.0,87.0,28.0,14.0,13.0,83.0,46.0,135.00000000000003,16.0,27.0,14.0,91.0,91.0,81.0,64.0,22.000000000000007,143.0,44.0,7.000000000000002,1941.0
120,2020-06-21,15.0,44.0,1.0,16.000000000000004,28.000000000000004,18.0,134.0,30.0,13.0,4.0,184.0,50.0,20.0,30.0,72.0,24.0,12.0,14.0,65.0,34.0,72.00000000000001,17.0,28.0,14.0,36.0,79.0,40.0,44.0,19.000000000000004,70.0,30.0,11.000000000000002,1268.0
121,2020-06-22,16.0,43.0,2.0,24.000000000000004,33.0,26.0,143.0,22.0,9.0,9.0,225.0,81.0,31.0,26.0,70.0,18.0,13.0,17.0,69.0,34.0,86.00000000000001,6.0,20.0,21.0,48.0,103.0,37.0,61.0,22.000000000000004,95.0,41.0,9.000000000000002,1460.0
122,2020-06-23,16.0,58.0,6.0,22.000000000000004,38.0,10.0,123.0,26.0,5.0,12.0,190.0,71.0,27.0,23.0,51.00000000000001,23.0,13.0,12.0,61.0,29.0,67.00000000000001,17.0,16.0,13.0,40.0,85.0,37.0,63.0,12.000000000000002,74.0,24.0,8.0,1272.0
123,2020-06-24,13.0,44.0,5.0,39.00000000000001,28.0,16.0,134.0,13.0,4.0,10.0,211.0,62.0,15.0,34.0,68.0,14.0,10.0,15.0,58.0,37.0,63.000000000000014,10.0,20.0,23.0,51.0,94.0,41.0,53.0,17.0,91.0,38.0,6.000000000000001,1337.0
124,2020-06-25,9.0,49.0,5.0,18.000000000000004,26.0,21.0,158.0,34.0,8.0,12.0,228.0,69.0,34.0,31.0,59.0,28.0,10.0,22.0,72.0,45.0,81.0,11.0,28.000000000000004,13.0,61.0,115.0,68.0,60.0,19.000000000000004,99.0,38.0,13.000000000000004,1544.0
125,2020-06-26,4.0,48.0,8.0,31.000000000000004,24.0,22.0,142.0,46.0,5.0,14.0,258.0,56.0,31.0,24.0,79.0,22.0,14.0,13.0,82.0,30.0,85.0,13.0,43.0,21.0,60.0,120.0,39.0,67.0,35.0,102.0,30.0,8.000000000000002,1576.0
126,2020-06-27,12.0,32.0,6.0,24.000000000000004,26.0,19.0,131.0,32.0,9.0,7.0,175.0,67.0,26.0,26.0,59.0,20.0,15.0,13.0,76.0,33.0,68.00000000000001,19.0,26.0,17.0,61.0,92.0,34.0,48.0,13.000000000000002,103.0,26.0,7.000000000000001,1322.0
127,2020-06-28,9.0,55.0,5.0,38.0,40.0,26.0,131.0,30.0,2.0,11.0,276.0,72.0,38.0,19.0,77.0,26.0,11.0,8.0,110.0,37.0,77.00000000000001,17.0,45.0,11.0,77.0,90.0,53.0,58.0,26.000000000000004,112.0,33.0,13.000000000000004,1633.0000000000002
128,2020-06-29,16.0,40.0,7.0,21.000000000000004,37.0,28.0,166.0,35.0,8.0,5.0,195.0,107.0,26.0,23.0,69.0,22.0,12.0,16.0,75.0,35.0,89.00000000000001,12.0,32.0,19.0,55.0,85.0,54.0,65.0,28.000000000000004,91.0,27.0,11.000000000000002,1511.0
129,2020-06-30,9.0,44.0,4.0,31.000000000000004,31.0,25.0,140.0,45.0,14.0,11.0,254.0,73.0,32.0,36.0,80.0,28.000000000000004,8.0,8.0,78.0,47.0,76.00000000000001,18.0,23.000000000000004,13.0,55.0,104.0,53.0,56.0,23.000000000000004,122.0,46.0,11.000000000000002,1598.0
130,2020-07-01,25.0,77.0,14.0,42.00000000000001,26.0,36.0,186.0,35.0,9.0,16.0,349.0,105.0,37.0,43.0,103.0,35.0,11.0,10.0,102.0,57.0,139.00000000000003,15.0,41.0,24.0,91.0,124.0,105.0,87.0,32.00000000000001,157.0,57.0,11.000000000000004,2201.0
131,2020-07-02,16.0,49.0,9.0,41.00000000000001,21.0,25.0,139.0,32.0,8.0,7.0,238.0,64.0,32.0,36.0,88.0,25.0,14.0,16.0,90.0,32.0,90.00000000000003,9.0,43.0,31.0,64.0,90.0,71.0,64.0,34.00000000000001,117.0,43.0,15.000000000000002,1653.0
132,2020-07-03,8.0,51.0,5.0,34.0,18.0,24.0,147.0,24.0,8.0,13.0,219.0,75.0,27.0,30.0,80.0,21.0,10.0,17.0,101.0,48.0,70.00000000000001,20.0,41.0,28.000000000000004,67.0,92.0,64.0,50.0,21.000000000000004,120.0,43.0,16.000000000000004,1592.0
133,2020-07-04,13.0,31.0,11.0,27.000000000000004,22.0,21.0,127.00000000000001,32.0,10.0,8.0,210.0,84.0,36.0,26.0,68.0,19.0,12.0,11.0,72.0,46.0,80.00000000000001,16.0,35.0,25.0,59.0,90.0,49.0,54.0,18.000000000000004,103.0,45.0,7.000000000000002,1467.0
134,2020-07-05,19.0,57.0,6.0,22.000000000000004,17.0,26.0,107.00000000000001,23.000000000000004,12.0,9.0,210.0,65.0,31.0,25.0,66.0,28.0,11.0,17.0,75.0,32.0,85.00000000000001,23.0,29.0,33.0,62.0,89.0,50.0,52.0,27.000000000000004,109.0,40.0,5.000000000000002,1462.0
135,2020-07-06,13.0,29.0,15.0,25.000000000000007,11.0,31.0,168.0,40.0,13.0,18.0,250.0,84.0,27.0,39.0,76.0,23.0,16.0,15.0,99.0,34.0,103.00000000000001,14.0,40.0,20.0,56.0,78.0,45.0,71.0,21.000000000000004,104.0,38.0,10.000000000000002,1626.0
136,2020-07-07,11.0,44.0,11.0,25.000000000000004,20.0,18.0,133.0,57.0,11.0,11.0,201.0,71.0,22.0,40.0,72.0,24.0,20.0,9.0,105.0,25.0,79.00000000000001,25.0,33.0,30.0,55.0,79.0,63.0,83.0,20.000000000000004,120.0,58.0,14.000000000000004,1589.0
137,2020-07-08,14.0,52.0,12.0,32.00000000000001,12.0,28.0,114.0,40.0,8.0,5.0,189.0,69.0,26.0,29.0,49.0,17.0,9.0,17.0,77.0,26.0,87.00000000000001,17.0,37.0,41.0,69.0,74.0,67.0,51.0,18.000000000000004,124.0,33.0,20.000000000000004,1463.0
138,2020-07-09,7.0,38.0,14.0,27.000000000000004,25.0,16.0,115.0,38.0,18.0,13.0,188.0,64.0,27.0,27.0,57.0,19.0,13.0,17.0,74.0,22.0,85.00000000000001,16.0,37.0,29.0,34.0,64.0,62.0,49.0,27.000000000000004,145.0,32.0,13.000000000000002,1412.0
139,2020-07-10,12.0,47.0,14.0,28.000000000000004,28.0,29.0,162.0,54.0,10.0,7.0,267.0,136.0,28.0,38.0,78.0,39.0,14.0,19.0,120.00000000000001,35.0,146.0,28.0,57.0,43.0,78.0,81.0,85.0,94.0,40.00000000000001,173.0,56.0,16.000000000000004,2062.0
140,2020-07-11,11.0,39.0,11.0,25.000000000000004,10.0,24.0,105.0,33.0,13.0,8.0,175.0,72.0,24.0,32.0,65.0,22.0,10.0,14.0,102.0,25.0,73.00000000000001,16.0,43.0,35.0,48.0,60.0,41.0,49.0,41.00000000000001,105.0,43.0,15.000000000000002,1389.0
141,2020-07-12,11.0,40.0,10.0,20.000000000000004,17.0,20.0,109.0,42.0,12.0,8.0,189.0,59.0,28.000000000000004,26.0,59.0,28.0,14.0,15.0,93.0,28.0,86.00000000000001,15.0,34.0,50.0,43.0,54.0,55.0,40.0,30.000000000000004,162.0,46.0,19.0,1462.0
142,2020-07-13,16.0,39.0,15.0,24.000000000000004,22.0,30.0,152.0,35.0,13.0,13.0,218.00000000000003,71.0,25.0,39.0,78.0,21.0,13.0,19.0,98.0,25.0,102.00000000000001,21.0,39.0,45.0,53.0,56.0,50.0,76.0,23.000000000000004,101.0,40.0,10.000000000000002,1582.0
143,2020-07-14,19.0,39.0,13.0,33.00000000000001,10.0,20.0,121.0,45.0,13.0,7.0,202.0,50.00000000000001,16.0,30.0,76.0,20.0,12.0,12.0,116.0,22.0,91.00000000000001,18.0,36.0,40.0,43.0,43.0,49.0,58.0,20.000000000000004,137.0,45.0,14.000000000000002,1470.0
144,2020-07-15,14.0,52.0,15.0,41.00000000000001,16.0,31.0,155.0,57.0,17.0,12.0,219.0,62.0,36.0,45.0,83.0,25.0,13.0,17.0,105.0,22.0,120.00000000000003,23.0,39.0,47.0,56.0,68.0,61.0,78.0,35.0,134.0,64.0,15.000000000000004,1777.0
145,2020-07-16,8.0,45.0,15.0,20.000000000000004,14.0,20.0,135.0,46.0,13.0,6.0,233.0,75.0,26.0,33.0,76.0,24.0,9.0,17.0,94.0,29.0,89.00000000000001,25.0,42.0,40.0,38.0,41.0,39.0,77.0,15.000000000000002,103.0,44.0,13.000000000000002,1504.0
146,2020-07-17,11.0,39.0,16.0,20.000000000000004,8.0,30.0,126.0,41.0,14.0,11.0,215.0,69.0,16.0,45.0,81.0,28.000000000000004,12.0,15.0,76.0,28.0,120.00000000000003,16.0,37.0,45.0,47.0,37.0,68.0,72.0,21.000000000000004,128.0,53.0,16.000000000000004,1561.0
147,2020-07-18,12.0,35.0,12.0,22.000000000000004,9.0,25.0,134.0,34.0,7.0,13.0,212.0,67.0,31.0,31.0,87.0,31.000000000000004,11.0,15.0,84.0,37.0,90.00000000000001,23.0,41.0,50.0,60.00000000000001,62.0,61.0,64.0,19.000000000000004,115.0,42.0,18.000000000000004,1554.0
148,2020-07-19,8.0,35.0,12.0,21.000000000000004,17.0,19.0,110.00000000000001,51.0,18.0,7.0,208.0,73.0,21.0,48.0,58.0,31.000000000000004,8.0,13.0,97.0,34.0,87.00000000000001,14.0,34.0,37.0,53.0,43.0,42.0,64.0,25.000000000000004,102.0,39.0,18.000000000000004,1447.0
149,2020-07-20,24.0,49.0,15.0,27.000000000000004,17.0,30.0,188.0,73.0,18.0,19.0,294.0,121.0,41.0,72.0,112.0,38.0,15.0,21.0,146.0,31.0,145.00000000000003,28.0,34.0,66.0,78.0,56.0,79.0,110.0,44.00000000000001,151.0,65.0,21.000000000000004,2228.0
150,2020-07-21,12.0,30.0,15.0,24.0,9.0,22.0,115.0,50.0,14.0,5.0,193.0,63.0,23.0,43.0,63.0,30.000000000000004,9.0,12.0,80.0,25.0,70.0,12.0,33.0,41.0,32.0,51.0,27.0,38.0,18.000000000000004,97.0,33.0,11.000000000000002,1300.0
151,2020-07-22,17.0,34.0,13.0,20.000000000000004,8.0,20.0,114.0,48.0,19.0,13.0,180.0,77.0,27.0,39.0,68.0,31.0,14.0,19.0,79.0,29.0,67.00000000000001,26.0,34.0,39.0,28.0,42.0,32.0,48.0,25.000000000000004,107.0,50.0,28.000000000000004,1395.0
152,2020-07-23,14.0,29.0,22.0,21.000000000000004,3.0,18.0,112.0,43.0,14.0,11.0,161.0,63.0,17.0,39.0,63.00000000000001,30.000000000000004,16.0,21.0,73.0,34.0,75.00000000000001,19.0,22.0,46.0,43.0,44.0,41.0,47.0,14.000000000000002,108.0,55.0,19.000000000000004,1337.0
153,2020-07-24,15.0,29.0,24.0,20.000000000000004,4.0,32.0,112.0,51.0,11.0,12.0,187.0,62.0,26.0,40.0,74.0,37.0,17.0,25.0,87.0,29.0,82.00000000000001,12.0,23.0,55.0,43.0,38.0,34.0,56.0,11.000000000000004,108.0,46.0,26.000000000000004,1428.0
154,2020-07-25,17.0,34.0,23.0,27.000000000000004,9.0,17.0,116.0,54.0,17.0,11.0,201.0,85.0,15.0,44.0,79.0,40.0,29.000000000000004,16.0,91.0,39.0,105.00000000000001,19.0,30.0,48.0,54.0,37.0,63.0,55.0,20.000000000000004,125.0,42.0,24.000000000000007,1586.0
155,2020-07-26,12.0,26.0,15.0,24.000000000000004,11.0,28.0,98.0,32.0,12.0,11.0,181.0,72.0,21.0,29.0,89.0,24.0,12.0,22.0,68.0,23.000000000000004,73.00000000000001,34.0,24.0,39.0,34.0,42.0,33.0,39.0,13.000000000000004,83.0,45.0,18.0,1287.0
156,2020-07-27,19.0,34.0,13.0,15.000000000000004,3.0,24.0,146.0,50.0,17.0,14.0,260.0,70.0,30.0,54.0,81.0,38.0,18.0,12.0,102.0,16.0,91.00000000000001,20.0,22.0,61.0,54.0,29.0,39.0,65.0,23.000000000000004,102.0,59.0,16.000000000000004,1597.0000000000002
157,2020-07-28,9.0,23.0,13.0,15.000000000000004,10.0,25.000000000000004,114.0,45.0,19.0,9.0,151.0,64.0,19.0,50.0,69.0,36.0,10.0,20.0,75.0,25.000000000000004,83.00000000000001,20.0,33.0,43.0,38.0,38.0,34.0,35.0,16.000000000000004,100.0,41.0,24.000000000000004,1306.0
158,2020-07-29,10.0,21.0,20.0,13.000000000000002,9.0,20.0,93.0,37.0,11.0,10.0,153.0,61.0,18.0,44.0,53.0,21.0,8.0,13.0,66.0,23.0,59.00000000000001,29.0,27.0,45.0,46.0,37.0,13.0,37.0,19.000000000000004,77.0,37.0,14.000000000000002,1144.0
159,2020-07-30,14.0,16.0,14.0,10.000000000000002,6.0,18.0,112.0,40.0,17.0,19.0,152.0,47.0,15.0,35.0,65.0,37.0,8.0,14.0,71.0,21.000000000000004,55.000000000000014,21.0,18.0,41.0,35.0,28.0,42.0,37.0,11.000000000000004,61.0,41.0,26.000000000000004,1147.0
160,2020-07-31,13.0,31.0,17.0,10.000000000000002,8.0,18.0,110.0,32.0,13.0,14.0,179.0,56.0,21.0,38.0,73.0,39.0,13.0,18.0,89.0,23.0,50.000000000000014,24.0,34.0,32.0,44.0,29.0,32.0,41.0,9.000000000000004,88.0,43.0,19.000000000000004,1260.0
161,2020-08-01,15.0,30.0,18.0,16.000000000000004,8.0,27.000000000000004,164.0,74.0,18.0,20.0,238.0,95.0,43.0,60.0,90.0,67.0,14.0,17.0,119.0,35.0,101.00000000000001,24.0,33.0,66.0,51.00000000000001,33.0,43.0,43.0,30.000000000000007,118.0,62.0,20.000000000000004,1792.0
162,2020-08-02,17.0,26.0,18.0,16.000000000000004,7.0,19.0,86.0,29.0,10.0,6.0,147.0,52.0,31.0,34.0,64.0,52.0,12.0,16.0,60.0,21.0,71.0,24.0,29.0,43.0,38.0,22.0,15.0,34.0,14.000000000000002,55.0,32.0,29.000000000000004,1129.0
163,2020-08-03,27.0,33.0,19.0,9.000000000000002,6.0,20.0,119.00000000000001,50.0,10.0,6.0,192.0,57.0,26.0,43.0,81.0,40.0,16.0,17.0,123.0,25.0,71.0,30.0,36.0,46.0,51.0,32.0,23.0,42.0,19.000000000000004,66.0,32.0,22.000000000000004,1389.0
164,2020-08-04,15.0,27.0,11.0,14.000000000000004,6.0,16.0,97.0,42.0,20.0,11.0,148.0,45.0,26.0,23.0,63.0,37.0,16.0,15.0,80.0,15.0,55.000000000000014,12.0,23.0,31.0,25.0,18.0,15.0,26.0,9.000000000000002,65.0,37.0,14.000000000000002,1057.0
165,2020-08-05,9.0,24.0,16.0,10.000000000000002,5.0,19.0,120.0,52.00000000000001,12.0,13.0,149.0,63.0,29.0,50.0,73.0,30.0,15.0,16.0,84.0,16.0,54.00000000000001,20.0,26.0,36.0,42.0,24.0,20.0,37.0,12.000000000000002,82.0,40.0,20.000000000000004,1218.0
166,2020-08-06,11.0,28.0,9.0,6.000000000000001,4.0,16.0,98.0,28.0,9.0,16.0,137.0,41.0,19.0,43.0,66.0,33.0,10.0,18.0,76.0,20.0,46.00000000000001,16.0,21.0,29.0,22.0,18.0,24.0,35.0,10.000000000000002,69.0,47.0,22.0,1047.0
167,2020-08-07,19.0,21.0,13.0,9.000000000000002,5.0,25.0,118.0,43.0,17.0,10.0,170.0,32.0,25.0,38.0,60.0,27.000000000000004,12.0,16.0,80.0,18.0,59.00000000000001,16.0,21.0,48.0,23.0,28.0,23.0,19.0,10.000000000000002,57.0,37.0,19.000000000000004,1118.0
168,2020-08-08,19.0,30.0,17.0,3.000000000000001,1.0,24.0,98.0,41.0,14.0,12.0,170.0,58.0,20.0,45.0,64.0,41.0,7.0,21.0,81.0,28.000000000000004,58.00000000000001,29.0,28.0,44.0,27.0,22.0,20.0,37.0,13.000000000000004,61.0,41.0,19.000000000000004,1193.0
169,2020-08-09,15.0,22.0,11.0,8.0,4.0,13.0,76.0,26.0,15.0,8.0,126.0,45.0,23.0,38.0,71.0,35.0,9.0,23.0,81.0,21.0,46.000000000000014,27.0,23.0,39.0,27.000000000000004,15.0,14.0,31.0,6.000000000000002,52.0,25.0,19.0,994.0
170,2020-08-10,20.0,34.0,18.0,8.000000000000002,3.0,26.0,135.0,47.0,27.0,4.0,239.0,65.0,38.0,64.0,99.0,67.0,11.0,19.0,116.0,35.0,96.00000000000001,26.0,26.0,61.0,43.0,29.0,25.0,49.0,12.000000000000002,100.0,26.0,20.000000000000004,1588.0
171,2020-08-11,17.0,22.0,7.0,9.000000000000002,1.0,26.0,99.00000000000001,24.0,14.0,12.0,159.0,50.0,17.0,27.0,72.0,21.0,11.0,16.0,61.0,16.0,34.00000000000001,18.0,14.0,37.0,28.0,17.0,13.0,18.0,14.000000000000002,59.0,32.0,15.000000000000002,980.0
172,2020-08-12,14.0,24.0,6.0,5.000000000000002,4.0,26.0,96.0,33.0,11.0,9.0,108.0,32.0,21.0,32.0,63.0,35.0,6.0,21.0,77.0,16.0,44.00000000000001,16.0,26.0,32.0,28.0,15.000000000000002,21.0,21.0,8.000000000000002,51.0,19.0,15.000000000000004,935.0
173,2020-08-13,20.0,27.0,18.0,4.000000000000001,3.0,14.0,112.0,41.0,12.0,11.0,138.0,35.0,19.0,37.0,53.0,30.0,7.0,15.0,65.0,16.0,55.00000000000001,20.0,16.0,45.0,33.0,17.0,11.0,35.0,6.000000000000001,48.0,25.0,12.000000000000002,1000.0
174,2020-08-14,28.0,24.0,20.0,7.000000000000002,4.0,9.0,120.0,56.0,15.0,15.0,191.0,35.0,15.0,54.0,67.0,37.0,12.0,28.0,62.0,20.0,55.000000000000014,29.0,29.0,43.0,32.0,22.0,9.0,35.0,5.000000000000001,61.0,28.0,13.000000000000002,1180.0
175,2020-08-15,24.0,22.0,13.0,8.000000000000002,4.0,27.000000000000004,100.0,56.0,13.0,12.0,172.0,58.0,18.0,46.0,74.0,40.0,13.0,20.0,88.0,12.0,56.00000000000001,30.0,14.0,41.0,45.0,27.0,20.0,44.0,9.000000000000002,57.0,28.0,17.0,1208.0
176,2020-08-16,16.0,18.0,9.0,3.000000000000001,2.0,19.0,101.0,42.0,15.0,12.0,139.0,41.0,15.0,31.0,73.0,42.0,12.0,11.0,77.0,14.0,51.000000000000014,28.0,13.0,29.0,17.0,17.0,15.0,31.0,12.000000000000004,49.0,21.0,13.000000000000002,988.0
177,2020-08-17,18.0,23.0,10.0,9.000000000000002,5.0,26.0,116.0,47.0,22.0,7.0,174.0,55.0,21.0,55.0,63.0,44.0,4.0,20.0,78.0,19.0,56.000000000000014,20.0,10.0,38.0,40.0,20.0,12.0,34.0,7.000000000000002,63.0,25.0,16.0,1157.0
178,2020-08-18,16.0,26.0,14.0,4.000000000000002,2.0,19.0,114.0,34.0,18.0,18.0,145.00000000000003,47.0,18.0,52.0,51.0,32.0,7.0,23.0,93.0,10.0,52.00000000000001,31.0,24.0,50.0,45.0,19.0,13.0,26.0,4.000000000000002,57.0,32.0,26.000000000000004,1122.0
179,2020-08-19,27.0,23.0,10.0,7.000000000000002,2.0,16.0,92.0,35.0,17.0,10.0,129.0,56.0,18.0,41.0,59.0,41.0,14.0,22.0,64.0,12.0,38.00000000000001,15.0,19.0,41.0,31.000000000000004,17.0,14.0,21.0,9.000000000000002,58.0,43.0,34.0,1035.0
180,2020-08-20,29.0,24.0,18.0,8.000000000000002,6.0,40.0,178.0,45.0,14.0,28.000000000000004,251.0,48.0,26.0,54.0,84.0,53.0,16.0,22.0,114.0,15.0,86.0,30.0,25.0,54.0,54.0,21.0,18.0,38.0,12.000000000000004,81.0,29.0,30.000000000000004,1551.0
181,2020-08-21,16.0,17.0,11.0,8.000000000000002,2.0,18.0,113.0,33.0,13.0,9.0,138.0,41.0,21.0,30.0,61.0,30.0,15.0,16.0,68.0,8.0,32.00000000000001,20.0,20.0,30.0,27.000000000000004,20.0,11.0,16.0,4.000000000000001,67.0,25.0,21.000000000000004,961.0
182,2020-08-22,24.0,22.0,12.0,2.000000000000001,0.0,17.0,93.0,29.000000000000004,15.0,12.0,107.0,34.0,23.0,28.0,56.0,44.0,10.0,21.0,62.0,12.0,27.000000000000004,25.0,16.0,28.0,25.0,12.0,13.0,22.0,4.000000000000001,53.0,28.0,16.000000000000004,892.0
183,2020-08-23,23.0,23.0,8.0,5.000000000000001,3.0,32.0,75.0,31.000000000000004,4.0,7.0,113.0,32.0,15.0,40.0,51.0,37.0,5.0,17.0,69.0,17.0,33.00000000000001,12.0,17.0,21.0,22.0,11.0,6.0,15.0,9.000000000000002,47.0,20.0,10.000000000000002,830.0
184,2020-08-24,18.0,27.0,11.0,9.000000000000002,2.0,27.0,130.0,42.0,10.0,3.0,151.0,41.0,13.0,31.0,74.0,33.0,11.0,11.0,76.0,14.0,36.00000000000001,29.0,14.0,38.0,34.0,17.0,12.0,34.0,10.000000000000002,46.0,25.0,15.000000000000004,1044.0
185,2020-08-25,27.0,26.0,4.0,2.000000000000001,1.0,23.0,125.0,36.0,11.0,14.0,154.0,34.0,19.0,32.0,64.0,36.0,11.0,11.0,56.0,15.0,44.000000000000014,25.0,12.0,37.0,43.0,12.0,22.0,25.0,9.000000000000002,48.0,25.0,18.000000000000004,1021.0
186,2020-08-26,13.0,21.0,5.0,5.000000000000001,2.0,25.000000000000004,94.00000000000001,38.0,9.0,14.0,122.0,33.0,12.0,31.0,53.0,35.0,11.0,18.0,44.0,15.0,45.00000000000001,24.0,22.0,22.0,25.0,7.0,13.0,27.0,10.000000000000002,58.0,14.0,15.000000000000004,882.0
187,2020-08-27,16.0,22.0,7.0,6.000000000000001,1.0,15.0,109.0,24.0,12.0,17.0,135.0,49.0,16.0,37.0,52.0,32.0,16.0,21.0,65.0,14.0,46.00000000000001,30.0,13.0,17.0,31.0,8.0,19.0,19.0,7.000000000000002,51.00000000000001,13.0,8.000000000000002,928.0
188,2020-08-28,16.0,21.0,8.0,6.000000000000001,6.0,25.0,131.0,29.0,18.0,10.0,196.0,60.00000000000001,26.0,45.0,66.0,42.0,13.0,17.0,78.0,15.000000000000002,55.00000000000001,23.0,24.0,30.0,36.0,10.0,15.0,21.0,10.000000000000002,55.0,22.0,13.000000000000002,1142.0
189,2020-08-29,10.0,23.0,4.0,1.0000000000000007,1.0,18.0,76.0,31.0,12.0,10.0,119.0,34.0,8.0,23.0,53.0,25.0,6.0,19.0,51.0,13.0,26.000000000000004,34.0,9.0,28.0,26.0,13.0,7.0,21.0,9.000000000000002,35.0,10.0,7.000000000000002,762.0
190,2020-08-30,10.0,22.0,4.0,4.000000000000002,5.0,18.0,101.0,38.0,11.0,12.0,115.00000000000001,46.0,22.0,30.0,59.00000000000001,43.0,10.0,15.0,53.0,13.0,30.000000000000007,28.0,9.0,28.000000000000004,33.0,10.0,8.0,14.0,6.000000000000002,51.0,13.0,8.000000000000002,869.0
191,2020-08-31,26.0,19.0,10.0,2.000000000000001,3.0,21.0,119.0,34.0,11.0,12.0,178.0,41.0,20.0,34.0,68.0,44.0,9.0,11.0,49.0,15.0,30.000000000000007,20.0,12.0,38.0,32.0,7.0,8.0,17.0,11.000000000000002,60.0,22.0,18.000000000000004,1001.0
192,2020-09-01,32.0,37.0,9.0,3.000000000000001,2.0,27.0,206.0,37.0,13.0,14.0,249.0,45.0,29.0,31.0,84.0,62.0,11.0,18.0,90.0,20.0,69.00000000000001,35.0,19.0,39.0,40.0,9.0,12.0,31.0,9.000000000000002,78.0,20.0,25.000000000000004,1405.0
193,2020-09-02,13.0,23.0,10.0,4.0,3.0,20.0,108.0,28.0,6.0,5.0,100.0,35.0,20.0,27.0,58.0,41.0,7.0,15.0,66.0,24.0,34.00000000000001,26.0,7.0,22.0,17.0,16.0,10.0,17.0,9.000000000000002,49.0,19.0,12.000000000000002,851.0
194,2020-09-03,12.0,27.0,4.0,2.220446049250313e-16,2.0,28.0,123.0,27.0,15.0,10.0,130.0,30.0,26.0,27.0,43.0,35.0,8.0,9.0,61.0,20.0,34.00000000000001,12.0,13.0,20.0,24.0,9.0,10.0,23.0,2.000000000000001,29.0,19.0,14.000000000000002,846.0
195,2020-09-04,16.0,28.0,12.0,3.000000000000001,4.0,22.0,114.0,30.0,16.0,11.0,149.0,33.0,17.0,27.0,59.0,31.0,8.0,10.0,53.0,17.0,37.00000000000001,13.0,14.0,25.0,29.0,6.0,14.0,14.0,4.000000000000001,47.0,14.0,10.000000000000002,887.0000000000001
196,2020-09-05,16.0,19.0,8.0,3.000000000000001,2.0,30.0,101.0,35.0,15.0,11.0,162.0,34.0,28.000000000000004,20.0,68.0,46.0,9.0,11.0,50.0,15.0,34.00000000000001,25.0,10.0,30.0,36.0,15.0,12.0,17.0,6.000000000000002,54.0,15.0,14.000000000000002,951.0
197,2020-09-06,13.0,18.0,8.0,5.000000000000001,0.0,19.0,84.0,29.000000000000004,3.0,18.0,113.0,19.0,21.0,21.0,46.00000000000001,36.0,10.0,14.0,47.0,6.0,23.000000000000004,19.0,13.0,20.0,16.0,8.0,16.0,16.0,6.000000000000001,54.0,13.0,12.000000000000002,746.0000000000001
198,2020-09-07,21.0,17.0,7.0,1.0000000000000002,1.0,19.0,111.0,37.0,8.0,11.0,137.0,31.0,34.0,29.0,62.0,37.0,9.0,9.0,55.00000000000001,21.0,33.00000000000001,22.0,13.0,18.0,35.0,19.0,10.0,15.0,8.000000000000002,40.0,18.0,14.000000000000002,902.0
199,2020-09-08,10.0,18.0,4.0,2.0000000000000004,2.0,14.0,95.00000000000001,29.000000000000004,12.0,6.0,130.0,31.0,22.0,21.0,57.0,32.0,8.0,7.0,52.0,13.0,44.00000000000001,15.0,10.0,31.0,30.0,16.0,11.0,10.0,5.000000000000001,53.0,16.0,10.000000000000002,816.0
200,2020-09-09,16.0,17.0,10.0,2.000000000000001,1.0,18.0,99.0,24.0,13.0,14.0,140.0,27.0,16.0,31.0,51.00000000000001,32.0,7.0,13.0,54.00000000000001,21.0,37.00000000000001,21.0,10.0,20.0,17.0,11.0,9.0,14.0,2.000000000000001,43.0,8.0,10.000000000000002,808.0
201,2020-09-10,23.0,15.0,8.0,3.000000000000001,0.0,36.0,139.0,25.0,10.0,15.0,202.0,37.0,31.0,35.0,67.0,44.0,11.0,19.0,69.0,27.0,41.00000000000001,22.0,14.0,35.0,29.0,9.0,17.0,19.0,11.000000000000004,47.0,14.0,20.000000000000004,1094.0
202,2020-09-11,14.0,18.0,5.0,1.0000000000000004,6.0,24.0,109.0,15.0,12.0,5.0,128.0,24.0,15.000000000000002,18.0,60.0,21.0,13.0,13.0,46.0,15.0,32.00000000000001,12.0,12.0,21.0,26.0,9.0,12.0,11.0,4.000000000000002,38.0,10.0,9.000000000000002,758.0
203,2020-09-12,14.0,19.0,5.0,4.000000000000001,1.0,13.0,97.0,20.0,10.0,8.0,113.0,34.0,20.0,19.0,52.0,25.0,8.0,11.0,42.0,14.0,28.000000000000004,17.0,3.0,14.0,16.0,10.0,7.0,13.0,4.0,55.00000000000001,15.0,13.000000000000002,724.0
204,2020-09-13,12.0,12.0,1.0,2.220446049250313e-16,2.0,21.0,83.0,21.0,14.0,8.0,119.00000000000001,20.0,30.0,17.0,55.0,33.0,9.0,12.0,51.0,10.0,29.000000000000007,9.0,6.0,11.0,14.000000000000002,10.0,9.0,12.0,5.000000000000001,26.0,9.0,10.000000000000002,680.0
205,2020-09-14,10.0,16.0,6.0,5.000000000000001,3.0,31.0,135.0,33.0,14.0,11.0,132.0,25.0,14.0,21.0,73.0,35.0,3.0,24.0,54.0,18.0,44.00000000000001,15.0,11.0,21.0,25.0,9.0,12.0,11.0,1.0000000000000004,46.0,13.0,19.000000000000004,890.0
206,2020-09-15,16.0,23.0,7.0,3.000000000000001,3.0,29.0,111.0,24.0,7.0,6.0,157.0,40.0,36.0,19.0,55.0,30.0,7.0,13.0,62.0,22.0,41.00000000000001,17.0,11.0,26.0,21.0,17.0,8.0,13.0,1.0000000000000004,51.0,12.0,18.000000000000004,906.0
207,2020-09-16,15.0,19.0,3.0,3.0000000000000004,6.0,10.0,106.0,20.0,12.0,12.0,120.0,18.0,24.0,21.0,51.0,27.000000000000004,9.0,11.0,63.0,16.0,32.00000000000001,19.0,16.0,28.0,18.0,8.0,14.0,5.0,4.000000000000001,45.0,7.0,6.000000000000002,768.0
208,2020-09-17,19.0,16.0,7.0,1.0000000000000004,1.0,21.0,88.0,24.0,22.0,9.0,129.0,25.0,21.0,24.0,49.0,29.0,8.0,6.0,43.0,11.0,29.000000000000004,19.0,8.0,25.0,23.0,14.0,5.0,12.0,1.0000000000000004,38.0,12.0,12.000000000000002,751.0
209,2020-09-18,24.0,27.0,2.0,2.0000000000000004,1.0,35.0,93.00000000000001,31.0,12.0,9.0,124.00000000000001,21.0,25.0,21.0,54.0,25.0,6.0,10.0,70.0,16.0,35.00000000000001,17.0,14.000000000000002,19.0,18.0,14.000000000000002,12.0,13.0,4.0,35.0,14.0,16.000000000000004,819.0
210,2020-09-19,13.0,14.0,4.0,1.0000000000000002,3.0,18.0,80.0,18.0,16.0,8.0,131.0,21.0,22.0,11.0,51.0,19.0,5.0,12.0,68.0,17.0,22.000000000000004,10.0,10.0,15.0,16.0,9.0,8.0,19.0,5.000000000000001,38.0,14.0,8.000000000000002,706.0
211,2020-09-20,21.0,23.0,5.0,2.0000000000000018,1.0,37.0,113.0,31.0,8.0,16.0,155.0,16.0,43.0,20.0,74.0,32.0,10.0,9.0,78.0,24.0,45.000000000000014,20.0,14.000000000000002,21.0,31.0,9.0,15.0,29.0,8.000000000000002,62.0,9.0,13.000000000000004,994.0
212,2020-09-21,9.0,17.0,2.0,3.0000000000000004,1.0,27.0,132.0,23.0,6.0,5.0,134.0,16.0,21.0,28.0,47.0,35.0,8.0,12.0,68.0,15.0,46.00000000000001,19.0,10.0,15.0,26.0,11.0,6.0,11.0,3.000000000000001,32.0,16.0,17.000000000000004,821.0
213,2020-09-22,13.0,20.0,3.0,3.0000000000000004,3.0,22.0,91.00000000000001,20.0,10.0,7.0,117.0,27.0,26.0,20.0,53.0,17.0,7.0,4.0,59.0,13.0,23.000000000000004,11.0,6.0,15.0,25.0,13.0,5.0,11.0,4.000000000000002,36.0,7.0,13.000000000000002,704.0000000000001
214,2020-09-23,8.0,16.0,4.0,2.0,6.0,21.0,101.0,21.0,7.0,7.0,92.0,17.0,14.000000000000002,12.0,45.0,16.0,2.0,11.0,62.0,12.0,21.000000000000004,12.0,8.0,19.0,22.0,15.0,4.0,8.0,1.0,26.0,9.0,16.0,637.0
215,2020-09-24,9.0,12.0,3.0,1.0000000000000002,0.0,26.0,103.0,24.0,5.0,11.0,120.0,18.0,21.0,22.0,34.0,20.0,7.0,13.0,67.0,13.0,21.000000000000004,17.0,6.0,16.0,14.0,12.0,10.0,13.0,3.0,20.0,10.0,13.000000000000002,684.0
216,2020-09-25,10.0,18.0,4.0,1.0000000000000007,4.0,30.0,123.0,29.0,15.0,14.000000000000002,134.0,27.0,30.0,31.0,59.0,32.0,7.0,11.0,66.0,28.0,36.00000000000001,14.0,10.0,8.0,37.0,14.000000000000002,9.0,17.0,4.0,38.0,10.0,7.000000000000001,877.0
217,2020-09-26,17.0,24.0,3.0,1.0000000000000002,2.0,23.0,89.0,16.0,10.0,7.0,77.0,33.0,14.0,14.0,40.0,21.0,8.0,5.0,41.0,28.0,18.000000000000004,11.0,15.0,13.0,19.0,15.0,7.0,7.0,1.0000000000000002,31.0,16.0,5.000000000000001,631.0
218,2020-09-27,6.0,25.0,3.0,3.3306690738754696e-16,0.0,34.0,106.0,24.0,9.0,11.0,130.0,17.0,22.0,18.0,40.0,23.0,6.0,9.0,56.00000000000001,13.0,22.000000000000007,16.0,8.0,30.0,12.0,9.0,13.0,21.0,4.0,32.0,11.0,15.000000000000004,745.0
219,2020-09-28,13.0,24.0,3.0,6.661338147750939e-16,0.0,46.0,118.0,28.0,12.0,8.0,139.0,25.0,23.0,22.0,64.0,24.0,9.0,9.0,92.0,21.0,38.00000000000001,16.0,8.0,27.0,23.0,11.0,11.0,15.0,8.0,27.0,9.0,14.000000000000004,887.0000000000001
220,2020-09-29,7.0,12.0,5.0,4.440892098500626e-16,2.0,45.0,123.0,27.000000000000004,11.0,9.0,131.0,40.0,26.0,22.0,43.0,28.0,13.0,11.0,61.0,8.0,16.000000000000007,20.0,11.0,10.0,14.0,16.0,4.0,13.0,4.0,27.0,7.0,8.000000000000002,774.0
221,2020-09-30,5.0,25.0,3.0,2.000000000000001,0.0,43.0,103.00000000000001,39.0,11.0,9.0,114.0,26.0,25.0,23.0,48.0,29.0,14.0,11.0,64.0,12.0,19.000000000000004,19.0,9.0,36.0,20.0,13.0,9.0,22.0,3.0,41.0,12.0,13.000000000000004,822.0
222,2020-10-01,28.0,18.0,7.0,6.000000000000002,2.0,99.0,186.0,26.0,14.0,18.0,190.0,28.000000000000004,48.0,29.0,71.0,30.0,17.0,13.0,89.0,25.000000000000004,42.000000000000014,28.0,20.0,28.0,45.0,20.0,14.0,32.0,5.0,39.0,16.0,21.000000000000007,1254.0
223,2020-10-02,13.0,19.0,4.0,2.000000000000001,2.0,59.0,111.0,29.0,5.0,18.0,108.0,34.0,23.0,26.0,60.00000000000001,24.0,12.0,9.0,69.0,13.0,34.0,29.0,11.0,37.0,15.0,7.0,4.0,15.0,1.0,32.0,18.0,13.000000000000002,856.0
224,2020-10-03,17.0,19.0,0.0,5.000000000000001,0.0,45.0,103.0,31.0,13.0,9.0,117.0,31.0,25.0,19.0,28.0,17.0,7.0,3.0,59.0,14.0,27.000000000000004,10.0,9.0,22.0,16.0,14.0,5.0,11.0,2.0,31.0,14.0,11.000000000000002,734.0
225,2020-10-04,9.0,19.0,3.0,1.0000000000000004,3.0,56.0,87.0,29.0,12.0,10.0,85.0,23.0,21.0,23.0,57.0,23.0,19.0,9.0,39.0,16.0,22.000000000000007,16.0,6.0,13.0,16.0,15.0,8.0,9.0,5.0,26.0,12.0,17.000000000000004,709.0
226,2020-10-05,18.0,35.0,8.0,2.0,2.0,94.0,144.0,39.0,3.0,17.0,120.0,33.0,22.0,27.0,80.0,36.0,7.0,12.0,73.0,21.0,41.00000000000001,19.0,11.0,30.0,28.0,15.0,7.0,9.0,11.0,34.0,12.0,15.000000000000002,1025.0
227,2020-10-06,15.0,23.0,5.0,2.0,1.0,50.0,121.0,31.0,5.0,6.0,103.0,21.000000000000004,12.0,25.0,37.0,18.0,11.0,6.0,60.0,14.000000000000002,27.000000000000004,14.0,1.0,14.0,20.0,12.0,3.0,8.0,3.0,27.000000000000004,9.0,20.000000000000004,724.0
228,2020-10-07,19.0,16.0,2.0,1.0,0.0,50.0,107.0,39.0,14.0,16.0,127.0,21.0,11.0,28.0,56.00000000000001,13.0,7.0,8.0,67.0,21.0,31.000000000000004,18.0,12.0,32.0,21.0,18.0,9.0,23.0,7.0,35.0,11.0,11.0,851.0
229,2020-10-08,15.0,19.0,1.0,4.0,1.0,66.0,95.0,47.0,19.0,19.0,103.0,21.0,11.0,20.0,67.0,19.0,8.0,9.0,64.0,19.0,27.000000000000004,20.0,10.0,28.0,16.0,11.0,6.0,25.0,5.0,31.000000000000004,14.0,22.000000000000004,842.0
230,2020-10-09,10.0,26.0,2.0,2.0,2.0,61.0,116.0,39.0,6.0,13.0,118.0,35.0,17.0,28.0,59.0,17.0,7.0,6.0,65.0,14.0,26.000000000000007,20.0,4.0,30.0,28.0,15.0,12.0,10.0,2.0,27.0,15.0,13.000000000000002,845.0000000000001
231,2020-10-10,16.0,39.0,3.0,1.0,1.0,132.0,132.0,58.0,9.0,20.0,153.0,37.0,14.0,35.0,90.0,34.0,15.0,9.0,107.0,19.0,41.00000000000001,40.0,6.0,34.0,36.0,24.0,11.0,22.0,10.0,46.00000000000001,12.0,25.000000000000007,1231.0
232,2020-10-11,9.0,16.0,2.0,2.0,2.0,69.0,98.0,33.0,12.0,20.0,105.0,26.0,13.0,25.0,58.0,26.0,10.0,16.0,65.0,7.0,18.000000000000007,19.0,4.0,28.000000000000004,26.0,22.0,9.0,11.0,0.0,24.0,8.0,13.000000000000002,796.0
233,2020-10-12,25.0,39.0,3.0,3.0,4.0,117.0,137.0,43.0,10.0,26.0,146.0,33.0,17.0,21.0,66.0,21.0,5.0,7.0,90.0,14.0,27.000000000000007,21.0,13.0,32.0,25.0,9.0,4.0,22.0,9.0,26.0,13.0,34.00000000000001,1062.0
234,2020-10-13,17.0,21.0,2.0,2.0,1.0,82.0,125.0,48.0,3.0,7.0,118.00000000000001,30.0,20.0,26.0,71.0,20.0,8.0,15.0,74.0,15.0,26.000000000000007,14.000000000000002,7.0,21.0,20.0,9.0,11.0,13.0,7.0,23.0,10.0,23.000000000000004,889.0
235,2020-10-14,18.0,29.0,7.0,0.0,0.0,88.0,115.0,36.0,6.0,12.0,110.00000000000001,29.0,10.0,27.0,67.0,16.0,12.0,7.0,51.0,13.0,27.000000000000007,16.0,6.0,30.0,18.0,14.0,9.0,19.0,1.0,23.0,15.0,23.000000000000004,854.0
236,2020-10-15,23.0,28.0,11.0,1.0,7.0,128.0,125.0,65.0,11.0,26.0,171.0,40.0,24.0,48.0,73.0,37.0,11.0,8.0,90.0,8.0,31.00000000000001,26.0,7.0,25.0,27.0,17.0,7.0,25.0,7.0,36.0,12.0,20.000000000000004,1175.0
237,2020-10-16,22.0,26.0,3.0,1.0,1.0,83.0,124.0,63.00000000000001,5.0,25.0,115.0,39.0,17.0,23.0,60.0,16.0,2.0,8.0,78.0,13.0,24.000000000000004,30.0,5.0,19.0,9.0,15.0,6.0,20.0,6.0,26.0,10.0,18.000000000000004,912.0
238,2020-10-17,16.0,27.0,3.0,2.0,1.0,98.0,97.0,54.0,13.0,16.0,124.0,29.0,10.0,22.0,73.0,12.0,9.0,11.0,73.0,11.0,18.000000000000004,24.0,6.0,20.0,19.0,18.0,5.0,18.0,5.0,18.0,10.0,14.000000000000002,876.0
239,2020-10-18,25.000000000000004,26.0,6.0,0.0,3.0,72.0,99.00000000000001,42.0,7.0,26.0,125.0,42.0,14.0,32.0,79.0,20.0,15.0,7.0,69.0,15.0,28.000000000000004,31.0,12.0,35.0,16.0,12.0,5.0,23.0,7.0,13.0,11.0,23.000000000000004,940.0000000000001
240,2020-10-19,30.0,25.0,5.0,0.0,0.0,128.0,129.0,74.0,2.0,23.0,140.0,30.0,18.0,33.0,67.0,24.0,15.0,5.0,69.0,20.0,23.000000000000007,27.0,7.0,31.0,16.0,21.0,3.0,23.0,5.0,36.0,7.0,33.0,1069.0
241,2020-10-20,31.0,32.0,2.0,2.0,0.0,135.0,164.0,90.0,3.0,26.0,149.0,40.0,25.0,46.0,78.0,20.0,12.0,1.0,84.0,13.0,37.00000000000001,24.0,4.0,36.0,30.0,20.0,9.0,31.0,4.0,32.0,12.0,39.00000000000001,1231.0
242,2020-10-21,16.0,23.0,4.0,0.0,1.0,88.0,121.0,45.0,7.0,27.0,79.0,33.0,6.0,27.0,55.0,22.0,13.0,7.0,64.0,12.0,19.000000000000004,15.0,3.0,28.0,27.000000000000004,13.0,4.0,17.0,4.0,16.0,10.0,17.0,823.0
243,2020-10-22,19.0,32.0,5.0,0.0,5.0,106.0,107.0,48.0,6.0,26.0,126.0,40.0,14.000000000000002,26.0,57.0,13.0,8.0,6.0,69.0,18.0,26.000000000000004,22.0,3.0,28.0,17.0,16.0,5.0,15.0,4.0,17.0,6.0,25.000000000000004,915.0
244,2020-10-23,17.0,28.0,6.0,0.0,4.0,93.0,103.0,64.0,9.0,21.0,125.00000000000001,40.0,11.0,23.0,37.0,23.0,14.0,4.0,67.0,14.0,22.000000000000004,15.0,6.0,22.0,16.0,24.0,4.0,15.0,2.0,21.0,14.0,24.000000000000004,888.0
245,2020-10-24,17.0,29.000000000000004,2.0,2.0,2.0,64.0,102.0,41.0,6.0,31.0,109.0,24.0,7.0,32.0,48.0,22.0,6.0,3.0,69.0,17.0,23.000000000000004,21.0,3.0,22.0,15.0,15.0,2.0,17.0,2.0,14.0,8.0,26.000000000000004,801.0
246,2020-10-25,26.0,24.0,1.0,1.0,1.0,146.0,133.0,55.00000000000001,4.0,30.0,153.0,40.0,14.0,31.0,71.0,20.0,6.0,2.0,69.0,22.0,25.000000000000007,29.0,5.0,18.0,26.0,15.0,3.0,14.0,8.0,17.0,9.0,24.000000000000004,1042.0
247,2020-10-26,28.0,23.0,2.0,1.0,1.0,126.0,124.0,61.0,5.0,31.0,129.0,45.0,13.0,36.0,67.0,19.0,7.0,6.0,87.0,10.0,25.000000000000004,26.0,5.0,42.0,21.0,15.0,0.0,18.0,4.0,26.0,11.0,27.000000000000004,1041.0
248,2020-10-27,21.0,19.0,1.0,0.0,3.0,91.0,114.0,61.0,1.0,28.0,111.0,32.0,11.0,29.0,57.0,21.0,9.0,3.0,70.0,15.000000000000002,24.000000000000007,21.0,6.0,22.0,13.0,17.0,8.0,12.0,2.0,16.0,9.0,33.00000000000001,880.0
249,2020-10-28,28.0,39.0,5.0,1.0,1.0,89.0,129.0,49.0,8.0,39.0,128.0,35.0,18.0,33.0,52.0,14.0,19.0,4.0,71.0,9.0,27.000000000000007,15.0,11.0,17.0,15.0,17.0,6.0,14.0,6.0,24.0,12.0,33.00000000000001,968.0
250,2020-10-29,21.000000000000004,27.0,1.0,0.0,0.0,76.0,127.0,45.0,8.0,15.0,119.0,29.0,12.0,29.0,39.0,18.0,9.0,6.0,44.0,14.0,18.000000000000004,28.000000000000004,5.0,12.0,19.0,15.0,7.0,5.0,3.0,17.0,9.0,20.000000000000004,797.0
251,2020-10-30,21.0,20.0,4.0,1.0,2.0,109.0,156.0,62.0,1.0,25.0,127.0,29.0,7.0,26.0,54.00000000000001,10.0,1.0,4.0,76.0,10.0,21.000000000000004,20.0,2.0,26.0,14.000000000000002,28.0,5.0,15.0,7.0,23.0,7.0,31.000000000000004,944.0
252,2020-10-31,15.000000000000002,31.0,3.0,0.0,1.0,97.0,113.0,43.0,4.0,27.0,106.0,46.0,10.0,38.0,47.0,9.0,9.0,2.0,63.00000000000001,13.0,16.000000000000004,24.0,2.0,26.0,18.0,24.0,5.0,13.0,3.0,14.0,6.0,24.000000000000004,852.0
253,2020-11-01,32.0,52.0,1.0,2.0,0.0,126.0,245.0,86.0,4.0,48.0,208.0,60.0,19.0,49.0,80.0,24.0,12.0,14.0,99.0,16.0,40.00000000000001,19.0,8.0,27.000000000000004,29.000000000000004,35.0,5.0,28.0,5.0,36.0,10.0,51.00000000000001,1470.0
254,2020-11-02,29.0,33.0,4.0,1.0,2.0,108.0,186.0,78.0,2.0,20.0,188.0,48.0,13.0,19.0,57.0,27.0,19.0,5.0,73.0,17.0,41.00000000000001,37.0,6.0,38.0,20.0,38.0,5.0,17.0,3.0,35.0,10.0,32.0,1211.0
255,2020-11-03,26.0,39.0,3.0,1.0,1.0,76.0,118.0,47.0,2.0,21.0,167.0,52.0,10.0,27.0,48.0,19.0,7.0,5.0,78.0,13.0,19.000000000000004,26.0,10.0,27.0,16.0,17.0,4.0,24.0,7.0,27.0,8.0,29.000000000000004,974.0000000000001
256,2020-11-04,21.0,42.0,3.0,1.0,0.0,74.0,135.0,58.0,1.0,29.0,161.0,58.0,8.0,25.0,49.0,16.0,5.0,8.0,72.0,8.0,29.000000000000007,15.0,8.0,31.0,13.0,31.0,7.0,10.0,2.0,20.0,14.0,23.000000000000004,977.0
257,2020-11-05,18.0,47.0,2.0,2.0,2.0,87.0,171.0,61.0,2.0,25.0,127.0,62.0,8.0,34.0,41.0,22.0,15.0,4.0,90.0,13.0,28.000000000000004,22.0,6.0,28.0,27.0,21.0,6.0,17.0,3.0,20.0,10.0,30.000000000000007,1051.0
258,2020-11-06,14.0,29.0,4.0,0.0,0.0,72.0,132.0,69.0,2.0,24.0,153.0,72.0,15.0,29.0,64.0,12.0,8.0,6.0,86.0,4.0,27.000000000000007,29.0,5.0,21.0,15.0,35.0,4.0,14.0,4.0,16.0,9.0,23.000000000000004,997.0000000000001
259,2020-11-07,29.0,31.0,4.0,1.0,2.0,90.0,141.0,56.0,5.0,21.0,125.0,62.0,11.0,37.0,43.0,14.0,7.0,7.0,91.0,14.000000000000002,30.000000000000007,26.0,11.0,17.0,16.0,31.0,5.0,17.0,3.0,27.0,9.0,27.000000000000004,1010.0
260,2020-11-08,14.0,36.0,3.0,1.0,0.0,76.0,142.0,45.0,3.0,28.0,141.0,60.0,8.0,31.0,57.0,12.0,13.0,5.0,51.0,14.0,35.00000000000001,32.0,5.0,27.0,21.0,22.0,3.0,15.0,5.0,15.0,9.0,22.0,951.0000000000001
261,2020-11-09,28.0,27.0,3.0,1.0,0.0,56.0,187.0,70.0,2.0,35.0,161.0,68.0,10.0,48.0,76.0,20.0,14.0,7.0,95.0,9.0,26.000000000000007,32.0,6.0,49.0,27.0,25.000000000000004,1.0,21.0,4.0,21.0,9.0,20.000000000000004,1158.0
262,2020-11-10,30.0,42.0,4.0,1.0,1.0,81.0,202.0,86.0,2.0,32.0,195.0,77.0,13.0,54.0,74.0,30.0,10.0,0.0,100.0,13.0,56.00000000000001,44.0,6.0,29.0,24.0,28.000000000000004,5.0,12.0,4.0,35.0,13.0,29.000000000000007,1332.0000000000002
263,2020-11-11,18.0,30.0,3.0,1.0,0.0,63.0,148.0,64.0,2.0,27.0,152.0,66.0,8.0,36.0,61.0,12.0,7.0,5.0,71.0,15.0,22.000000000000007,23.0,5.0,21.000000000000004,17.0,24.0,4.0,12.0,9.0,14.0,10.0,30.000000000000007,980.0
264,2020-11-12,20.0,51.0,4.0,1.0,2.0,66.0,151.0,53.0,3.0,37.0,160.0,64.0,9.0,36.0,63.00000000000001,17.0,7.0,5.0,64.0,6.0,26.000000000000004,29.0,5.0,35.0,17.0,23.0,8.0,10.0,2.0,27.0,15.0,20.000000000000004,1036.0
265,2020-11-13,27.000000000000004,42.0,6.0,0.0,0.0,58.0,181.0,46.0,6.0,16.0,155.0,63.0,11.0,30.0,67.0,13.0,8.0,7.0,74.0,19.0,40.00000000000001,28.0,5.0,43.0,15.0,34.0,4.0,16.0,1.0,21.0,5.0,29.000000000000004,1070.0
266,2020-11-14,26.0,43.0,2.0,1.0,1.0,46.0,145.0,60.0,1.0,27.0,157.0,77.0,12.0,33.0,54.0,18.0,7.0,6.0,65.0,7.0,24.000000000000004,29.000000000000004,5.0,25.0,18.0,32.0,4.0,16.0,8.0,18.0,5.0,25.000000000000004,997.0
267,2020-11-15,28.0,68.0,6.0,1.0,0.0,80.0,200.0,72.0,5.0,18.0,198.0,76.0,15.0,53.0,72.0,18.0,11.0,2.0,59.0,17.0,39.00000000000001,19.0,5.0,47.0,25.0,33.0,11.0,19.0,3.0,39.0,11.0,31.000000000000004,1281.0
268,2020-11-16,18.0,65.0,2.0,1.0,2.0,77.0,167.0,73.0,3.0,41.0,198.0,66.0,6.0,51.0,72.0,20.0,13.0,8.0,76.0,11.0,34.00000000000001,40.0,7.0,23.0,11.0,31.0,5.0,17.0,6.0,21.0,11.0,33.00000000000001,1209.0
269,2020-11-17,23.0,57.0,7.0,3.0,1.0,41.0,153.00000000000003,56.0,3.0,25.0,203.0,62.0,11.0,29.0,65.0,21.0,14.0,7.0,51.0,14.0,28.000000000000004,25.0,3.0,25.0,20.0,30.0,6.0,16.0,3.0,23.0,8.0,18.000000000000004,1051.0
270,2020-11-18,27.0,68.0,1.0,0.0,0.0,48.0,178.00000000000003,52.0,4.0,27.000000000000004,193.0,91.0,9.0,34.0,73.0,23.0,13.0,6.0,51.0,13.0,33.00000000000001,27.0,11.0,30.0,10.0,45.0,7.0,23.0,2.0,28.0,15.0,39.00000000000001,1181.0
271,2020-11-19,33.0,78.0,4.0,1.0,1.0,49.0,157.0,39.0,0.0,18.0,164.0,95.0,8.0,35.0,58.0,15.0,8.0,7.0,49.0,9.0,34.0,36.0,3.0,21.0,16.0,45.0,6.0,23.0,3.0,19.0,9.0,41.00000000000001,1084.0
272,2020-11-20,29.0,77.0,7.0,3.0,1.0,73.0,276.0,109.0,4.0,32.0,254.0,130.0,13.0,49.0,89.0,33.0,9.0,8.0,99.00000000000001,22.0,46.00000000000001,45.0,13.0,39.0,24.0,38.0,18.0,28.0,8.0,31.0,12.0,41.00000000000001,1660.0
273,2020-11-21,15.0,61.0,2.0,1.0,2.0,35.0,144.0,40.0,6.0,19.0,149.0,69.0,9.0,28.0,63.0,7.0,16.0,3.0,52.0,11.0,22.000000000000004,37.0,4.0,22.0,10.0,25.0,5.0,17.0,8.0,22.0,10.0,15.000000000000004,929.0
274,2020-11-22,33.0,51.0,2.0,0.0,3.0,41.0,162.0,52.0,4.0,18.0,173.00000000000003,67.0,14.0,38.0,67.0,18.0,9.0,2.0,53.0,14.0,27.000000000000004,47.0,3.0,26.0,11.0,35.0,10.0,21.0,8.0,20.0,7.0,25.000000000000004,1061.0
275,2020-11-23,22.0,71.0,6.0,1.0,2.0,37.0,203.0,75.0,7.0,34.0,197.0,92.0,10.0,39.0,87.0,17.0,16.0,4.0,48.0,18.0,30.000000000000007,20.0,4.0,30.0,12.0,31.0,6.0,16.0,5.0,20.0,11.0,23.000000000000004,1194.0
276,2020-11-24,15.000000000000002,75.0,4.0,0.0,1.0,37.0,180.0,52.00000000000001,1.0,26.0,172.0,78.0,12.0,37.0,78.0,11.0,8.0,4.0,49.0,13.0,39.00000000000001,33.0,8.0,22.0,5.0,22.0,7.0,17.0,8.0,18.0,8.0,18.0,1058.0
277,2020-11-25,24.0,52.0,3.0,1.0,0.0,38.0,200.0,61.0,2.0,12.0,217.0,107.0,12.0,47.0,70.0,26.0,21.0,6.0,56.0,15.0,49.000000000000014,29.0,4.0,28.0,17.0,53.0,11.0,13.0,7.0,22.0,14.0,40.00000000000001,1257.0
278,2020-11-26,22.0,60.0,3.0,0.0,4.0,31.0,166.0,45.0,4.0,24.0,187.0,82.0,6.0,46.0,74.0,16.0,15.0,2.0,52.0,10.0,31.000000000000007,40.0,8.0,25.0,18.0,31.0,9.0,16.0,4.0,15.0,12.0,29.000000000000004,1087.0
279,2020-11-27,12.0,68.0,4.0,1.0,0.0,32.0,185.00000000000003,36.0,1.0,17.0,213.0,75.0,12.0,35.0,65.0,17.0,13.0,6.0,52.0,16.0,28.000000000000007,28.0,7.0,29.0,13.0,61.0,9.0,18.0,9.0,22.0,9.0,27.000000000000004,1120.0
280,2020-11-28,15.0,52.0,8.0,1.0,3.0,28.000000000000004,218.0,42.0,3.0,25.0,219.0,118.0,13.0,48.0,79.0,24.0,17.0,7.0,57.0,14.000000000000002,44.000000000000014,18.0,2.0,23.0,13.0,49.0,5.0,13.0,13.0,27.0,11.0,25.000000000000007,1234.0
281,2020-11-29,19.0,57.0,6.0,0.0,1.0,28.0,229.0,49.0,5.0,12.0,200.00000000000003,78.0,10.0,40.0,64.0,27.0,11.0,4.0,51.0,14.0,26.000000000000004,49.0,3.0,26.0,11.0,45.0,11.0,14.0,11.0,18.0,10.0,19.0,1148.0
282,2020-11-30,17.0,93.0,6.0,2.0,2.0,40.0,284.0,51.0,0.0,31.0,310.0,107.0,25.0,56.0,74.0,26.0,20.0,6.0,66.0,23.0,56.00000000000001,68.0,6.0,24.0,19.0,51.0,14.0,23.0,10.0,30.0,18.0,37.00000000000001,1595.0
283,2020-12-01,27.000000000000004,115.0,6.0,3.0,3.0,40.0,349.0,105.0,4.0,18.0,364.0,138.0,14.0,70.0,135.0,45.0,15.0,9.0,90.0,26.0,49.00000000000001,48.0,6.0,18.0,19.0,51.0,23.0,37.0,14.0,34.0,19.0,33.00000000000001,1927.0
284,2020-12-02,16.0,74.0,8.0,0.0,4.0,29.0,260.0,44.0,2.0,14.0,284.0,78.0,15.0,41.0,88.0,25.0,12.0,7.0,58.0,15.0,50.000000000000014,27.0,9.0,21.0,18.0,36.0,8.0,18.0,13.0,27.0,11.0,18.000000000000004,1330.0
285,2020-12-03,18.0,74.0,4.0,0.0,2.0,34.0,234.00000000000003,45.0,4.0,25.0,256.0,93.0,12.0,45.0,95.0,20.0,12.0,5.0,60.00000000000001,17.0,44.00000000000001,39.0,7.0,18.0,8.0,39.0,10.0,10.0,9.0,25.0,11.0,18.000000000000004,1293.0
286,2020-12-04,11.0,73.0,3.0,3.0,3.0,22.0,271.0,41.0,4.0,16.0,294.0,90.0,12.0,47.0,78.0,25.0,10.0,6.0,45.0,14.0,49.000000000000014,41.0,10.0,24.0,12.0,41.0,9.0,14.0,10.0,22.0,11.0,15.000000000000002,1326.0
287,2020-12-05,14.0,83.0,7.0,1.0,2.0,28.0,267.0,43.0,4.0,8.0,291.0,107.0,14.0,52.0,86.0,24.0,16.0,9.0,82.0,14.0,46.00000000000001,36.0,6.0,27.0,17.0,62.0,13.0,13.0,12.0,33.0,9.0,14.000000000000002,1440.0
288,2020-12-06,11.0,76.0,11.0,2.0,3.0,25.0,167.0,38.0,1.0,13.0,248.0,83.0,14.0,37.0,93.0,19.0,14.0,3.0,59.0,13.0,38.00000000000001,36.0,3.0,25.0,20.0,48.0,6.0,14.0,7.0,28.0,10.0,21.000000000000007,1186.0
289,2020-12-07,18.0,111.0,4.0,1.0,1.0,27.0,280.0,57.0,2.0,20.0,329.0,99.0,15.0,53.0,98.0,35.0,22.0,6.0,80.0,14.0,40.00000000000001,38.0,7.0,20.0,22.0,48.0,17.0,23.0,18.0,36.0,11.0,18.000000000000004,1570.0
290,2020-12-08,13.0,94.0,13.0,4.0,3.0,26.0,247.0,41.0,0.0,23.0,274.0,100.0,9.0,42.0,93.0,29.0,22.0,9.0,76.0,13.0,36.00000000000001,36.0,12.0,17.0,20.0,46.0,8.0,20.0,8.0,17.0,12.0,17.000000000000004,1380.0
291,2020-12-09,10.0,75.0,8.0,3.0,8.0,19.0,279.0,37.0,2.0,10.0,276.0,110.0,15.0,50.0,107.00000000000001,27.0,18.0,10.0,86.0,13.0,38.00000000000001,21.0,3.0,25.0,15.0,37.0,17.0,15.0,9.0,37.0,11.0,17.0,1408.0
292,2020-12-10,13.0,111.0,7.0,5.0,7.0,33.0,345.0,46.00000000000001,0.0,16.0,353.0,138.0,22.0,88.0,142.0,46.0,15.0,7.0,122.0,21.0,68.00000000000001,56.0,12.0,21.0,11.0,68.0,33.0,30.0,11.0,38.0,15.0,23.000000000000004,1923.0
293,2020-12-11,19.0,89.0,10.0,0.0,4.0,20.0,265.0,39.0,0.0,8.0,280.0,79.0,9.0,47.0,91.0,23.0,13.0,6.0,78.0,11.0,53.00000000000001,31.0,7.0,27.0,10.0,50.0,8.0,27.0,9.0,23.0,12.0,24.000000000000004,1372.0
294,2020-12-12,11.0,93.0,10.0,0.0,2.0,19.0,289.0,45.0,4.0,6.0,284.0,96.0,20.0,69.0,92.0,33.0,7.0,8.0,101.0,21.0,67.00000000000001,48.0,13.0,25.0,17.0,53.0,6.0,23.0,8.0,32.0,10.0,13.000000000000004,1525.0
295,2020-12-13,15.0,93.0,4.0,2.0,6.0,23.0,248.00000000000003,45.0,8.0,17.0,258.0,78.0,17.0,52.0,95.0,38.0,25.0,7.0,60.00000000000001,13.0,44.00000000000001,24.0,7.0,15.0,20.0,62.0,11.0,16.0,16.0,26.0,9.0,12.000000000000002,1366.0
296,2020-12-14,10.0,97.0,9.0,4.0,8.0,25.0,301.0,57.0,1.0,18.0,336.0,122.0,10.0,61.0,121.0,24.0,17.0,7.0,88.0,22.0,56.000000000000014,46.0,13.0,23.0,17.0,54.0,11.0,49.0,17.0,39.0,13.0,12.000000000000002,1688.0
297,2020-12-15,14.0,100.0,12.0,0.0,4.0,31.0,357.0,55.0,2.0,14.0,397.0,123.00000000000001,19.0,56.0,129.0,41.0,38.0,9.0,110.0,21.000000000000004,63.00000000000001,42.0,9.0,29.0,25.0,46.0,25.0,32.0,15.0,29.000000000000004,5.0,25.000000000000004,1877.0
298,2020-12-16,11.0,66.0,10.0,2.0,6.0,19.0,297.0,36.0,3.0,19.0,315.0,91.0,20.0,49.0,117.0,20.0,32.0,2.0,87.0,13.0,50.00000000000001,31.0,16.0,20.0,12.0,56.0,10.0,16.0,11.0,43.0,10.0,17.000000000000004,1507.0
299,2020-12-17,9.0,79.0,8.0,2.0,2.0,18.0,323.0,49.0,6.0,4.0,298.0,96.0,18.0,44.0,85.0,35.0,24.0,8.0,97.0,20.0,54.00000000000001,26.0,8.0,22.0,14.0,71.0,7.0,20.0,8.0,23.0,7.0,19.000000000000004,1504.0
300,2020-12-18,13.0,83.0,5.0,2.0,6.0,14.0,343.0,49.0,5.0,6.0,366.0,77.0,13.0,68.0,134.0,38.0,15.0,8.0,103.0,18.0,62.00000000000001,29.000000000000004,12.0,25.0,26.0,71.0,10.0,33.0,16.0,47.0,9.0,15.000000000000004,1721.0
301,2020-12-19,8.0,67.0,7.0,4.0,7.0,20.0,280.0,34.0,5.0,8.0,293.0,85.0,16.0,56.0,123.0,33.0,13.0,12.0,81.0,14.0,72.00000000000001,28.0,12.0,24.0,14.0,63.0,8.0,22.0,20.0,23.000000000000004,9.0,15.000000000000004,1476.0
302,2020-12-20,9.0,116.00000000000001,9.0,4.0,9.0,30.000000000000004,403.0,53.0,4.0,18.0,382.0,122.0,30.0,62.0,142.0,67.0,38.0,11.0,131.0,30.0,97.00000000000001,54.0,10.0,34.0,24.0,72.0,17.0,31.0,31.0,54.0,7.0,20.000000000000004,2121.0
303,2020-12-21,11.0,84.0,14.0,4.0,8.0,16.0,304.0,59.0,4.0,13.0,320.0,102.0,13.0,50.0,130.0,32.0,20.0,9.0,87.0,17.0,69.00000000000001,36.0,7.0,26.0,19.0,46.0,21.0,23.0,17.0,34.0,13.0,10.000000000000002,1618.0000000000002
304,2020-12-22,18.0,69.0,9.0,4.0,4.0,21.0,270.0,34.0,5.0,6.0,249.0,108.0,14.0,50.0,111.0,41.0,28.0,14.0,71.0,17.0,57.00000000000001,32.0,8.0,15.0,15.0,51.0,11.0,23.0,22.0,44.0,13.0,7.000000000000002,1441.0
305,2020-12-23,15.0,63.0,5.0,2.0,3.0,21.0,295.0,38.0,7.0,10.0,263.0,103.0,18.0,57.0,130.0,31.0,29.0,11.0,82.0,16.0,73.00000000000001,41.0,10.0,27.0,18.0,66.0,6.0,20.0,16.0,31.0,13.0,11.000000000000004,1531.0000000000002
306,2020-12-24,15.0,80.0,9.0,2.0,5.0,22.0,362.0,66.0,9.0,15.0,387.00000000000006,118.0,17.0,63.0,137.0,68.0,23.0,14.0,101.0,36.0,80.00000000000001,46.0,18.0,41.0,21.0,55.0,18.0,35.0,25.0,38.0,10.0,32.0,1968.0
307,2020-12-25,19.0,86.0,16.0,4.0,7.0,26.0,337.0,33.0,4.0,13.0,334.0,122.0,29.0,79.0,115.0,48.0,18.0,15.0,121.0,30.0,112.00000000000001,32.0,7.0,31.0,39.0,62.0,30.0,47.0,19.0,54.00000000000001,13.0,17.0,1919.0
308,2020-12-26,13.0,117.0,7.0,1.0,10.0,22.0,260.0,56.0,4.0,10.0,272.0,119.0,24.0,45.0,115.0,41.0,11.0,13.0,100.0,25.0,93.00000000000001,38.0,13.0,31.000000000000004,26.0,47.0,28.0,28.0,24.0,53.0,12.0,19.000000000000004,1677.0
309,2020-12-27,11.0,72.0,22.0,2.0,4.0,20.0,312.0,42.0,4.0,17.0,357.0,124.0,30.0,63.00000000000001,172.0,60.0,40.0,17.0,116.00000000000001,26.0,88.00000000000001,51.0,8.0,43.0,29.0,46.0,29.0,33.0,18.0,65.0,6.0,22.000000000000004,1949.0
310,2020-12-28,25.0,97.0,15.0,3.0,2.0,25.0,384.0,48.0,7.0,21.0,379.0,152.0,31.0,73.0,172.0,72.0,24.0,20.0,109.0,24.0,109.00000000000001,71.0,16.0,46.0,34.0,66.0,26.0,39.0,21.0,70.0,12.0,19.000000000000004,2212.0
311,2020-12-29,7.0,64.0,13.0,2.0,10.0,19.0,212.00000000000003,55.00000000000001,11.0,6.0,286.0,115.0,28.0,81.0,115.0,42.0,26.0,17.0,99.0,28.0,70.00000000000001,35.0,9.0,24.0,24.0,29.0,11.0,18.0,14.0,55.0,12.0,11.000000000000002,1548.0
312,2020-12-30,18.0,71.0,4.0,3.0,7.0,25.0,278.0,61.0,10.0,15.000000000000002,299.0,103.0,31.0,71.0,139.0,51.0,39.0,13.0,119.0,23.0,94.00000000000003,45.0,13.0,32.0,37.0,39.0,13.0,27.0,23.0,67.0,16.0,15.000000000000004,1801.0
313,2020-12-31,14.0,81.0,11.0,6.0,15.0,24.0,336.0,42.0,10.0,15.0,373.00000000000006,163.0,24.0,94.0,187.0,53.0,20.0,11.0,108.0,37.0,104.00000000000001,48.0,20.0,62.0,27.0,64.0,17.0,34.0,37.0,105.0,25.0,10.000000000000002,2177.0
314,2021-01-01,29.0,107.0,22.0,5.0,11.0,47.0,472.0,97.0,10.0,20.0,502.0,268.0,43.0,102.0,276.0,133.0,47.0,39.0,201.0,52.0,158.00000000000003,51.0,26.0,63.0,73.0,84.0,20.0,76.0,41.0,119.0,13.0,49.00000000000001,3256.0
315,2021-01-02,23.0,80.0,16.0,4.0,12.0,26.0,253.0,69.0,7.0,8.0,263.0,160.0,33.0,84.0,154.0,68.0,41.0,24.0,121.0,37.0,101.00000000000003,49.0,18.0,47.0,38.0,51.0,11.0,35.0,29.0,71.0,17.0,23.000000000000004,1973.0
316,2021-01-03,21.0,62.0,10.0,3.0,9.0,17.0,338.0,62.0,9.0,16.0,327.0,137.0,46.0,90.0,213.0,57.0,37.0,33.0,133.0,25.0,105.00000000000001,51.0,14.0,45.0,29.000000000000004,61.0,8.0,34.0,21.0,66.0,10.0,10.000000000000002,2099.0
317,2021-01-04,20.0,70.0,16.0,2.0,8.0,18.0,365.0,70.0,12.0,17.0,384.0,177.0,38.0,92.0,181.0,64.0,45.0,17.0,139.0,46.0,133.00000000000003,75.0,14.0,59.0,39.0,38.0,9.0,38.0,35.0,77.0,13.0,23.000000000000004,2334.0
318,2021-01-05,20.0,77.0,12.0,7.0,11.0,38.0,365.0,67.0,8.0,14.0,368.00000000000006,178.0,58.0,101.0,182.0,65.0,46.0,34.0,149.0,33.0,137.00000000000003,58.00000000000001,20.0,38.0,46.0,50.0,18.0,32.0,32.0,74.0,8.0,32.0,2378.0
319,2021-01-06,27.0,72.0,15.0,4.0,10.0,25.0,351.0,48.0,12.0,19.0,354.0,173.0,36.0,74.0,193.0,80.0,48.0,24.0,134.0,28.0,127.00000000000001,41.0,11.0,43.0,29.0,38.0,13.0,36.0,22.0,87.0,15.0,16.000000000000004,2205.0
320,2021-01-07,30.0,58.0,16.0,5.0,14.0,25.0,323.0,71.0,16.0,16.0,337.0,143.0,45.0,63.0,188.0,56.0,33.0,33.0,113.0,35.0,108.00000000000001,51.0,17.0,52.0,30.0,31.0,21.0,29.0,31.0,86.0,13.0,14.000000000000004,2103.0
321,2021-01-08,21.0,55.0,16.0,6.0,14.0,24.0,375.0,49.0,9.0,14.0,328.0,204.0,57.0,82.0,196.0,88.0,36.0,18.0,131.0,40.0,121.00000000000001,51.0,13.0,53.0,39.0,51.0,22.0,48.0,21.0,91.0,16.0,20.000000000000004,2309.0
322,2021-01-09,18.0,45.0,13.0,1.0,19.0,26.0,280.0,50.0,9.0,8.0,285.0,165.0,39.0,75.0,159.0,53.0,34.0,40.0,124.0,28.0,107.00000000000001,41.0,22.0,50.0,33.0,43.0,12.0,37.0,27.0,76.0,6.0,18.000000000000004,1943.0
323,2021-01-10,21.0,53.0,27.0,6.0,12.0,44.0,448.0,66.0,14.0,26.0,439.0,233.0,54.0,114.0,249.0,112.0,28.0,29.0,140.0,44.0,166.00000000000003,79.0,21.0,65.0,52.0,65.0,25.0,53.0,40.0,107.0,19.0,34.00000000000001,2885.0
324,2021-01-11,30.0,48.0,20.0,1.0,15.0,33.0,367.0,55.0,10.0,15.0,401.0,175.0,45.0,89.0,197.0,77.0,46.0,26.0,141.0,29.0,113.00000000000001,69.0,9.0,56.0,40.0,48.0,21.0,63.0,23.0,76.0,21.0,24.000000000000007,2383.0
325,2021-01-12,27.0,48.0,12.0,1.0,17.0,20.0,331.0,63.0,12.0,14.0,374.0,194.0,44.0,82.0,203.0,68.0,43.0,23.0,135.0,32.0,119.00000000000001,60.0,9.0,40.0,32.0,38.0,12.0,38.0,23.0,95.0,14.0,26.000000000000007,2249.0
326,2021-01-13,16.0,56.0,10.0,4.0,15.0,35.0,272.0,51.0,14.0,12.0,331.0,158.0,56.0,70.0,198.0,50.0,34.0,27.0,95.0,16.0,108.00000000000001,59.0,10.0,54.0,30.0,43.0,18.0,30.0,38.0,76.0,15.0,28.000000000000007,2029.0
327,2021-01-14,17.0,49.0,14.0,7.0,7.0,24.0,326.0,45.0,10.0,15.0,336.0,176.0,27.0,92.0,174.0,57.0,37.0,36.0,120.0,38.0,98.00000000000003,46.0,13.0,70.0,36.0,38.0,16.0,33.0,32.0,113.0,13.0,25.0,2140.0
328,2021-01-15,23.0,50.0,17.0,2.0,11.0,30.0,435.0,69.0,6.0,12.0,405.0,192.0,47.0,101.0,202.0,113.00000000000001,43.0,31.0,156.0,48.0,136.00000000000003,63.0,19.0,55.0,53.0,53.0,33.0,50.0,41.0,123.0,21.0,30.000000000000007,2670.0
329,2021-01-16,26.0,34.0,11.0,3.0,10.0,20.0,260.0,58.0,7.0,10.0,316.0,162.0,39.0,53.0,170.0,100.0,42.0,34.0,146.0,26.0,108.00000000000001,78.0,9.0,34.0,23.0,43.0,12.0,41.0,25.0,75.0,18.0,23.000000000000004,2016.0
330,2021-01-17,26.0,40.0,16.0,2.0,9.0,22.0,242.00000000000003,49.0,12.0,9.0,261.0,152.0,34.0,60.0,190.0,59.0,28.000000000000004,31.0,109.00000000000001,25.0,112.00000000000003,54.0,9.0,52.0,33.0,34.0,6.0,42.0,25.0,105.0,15.0,25.000000000000007,1888.0
331,2021-01-18,28.0,49.0,19.0,7.0,11.0,24.0,385.0,57.0,15.0,17.0,393.0,162.0,57.0,92.0,197.0,90.0,39.0,36.0,168.0,31.0,134.00000000000003,69.0,17.0,60.0,37.0,37.0,24.0,46.0,59.0,133.0,19.0,24.000000000000004,2536.0
332,2021-01-19,17.0,31.0,18.0,6.0,5.0,14.0,290.0,54.00000000000001,9.0,12.0,319.0,145.0,38.0,74.0,153.0,78.0,22.0,20.0,115.0,31.0,86.00000000000001,62.0,10.0,40.0,25.000000000000004,22.0,9.0,36.0,20.0,71.0,15.0,21.000000000000004,1868.0000000000002
333,2021-01-20,33.0,43.0,13.0,6.0,15.0,29.0,407.0,74.0,18.0,11.0,472.0,208.0,43.0,81.0,213.0,131.0,33.0,38.0,133.0,39.0,168.00000000000003,71.0,15.0,63.0,48.0,45.0,18.0,41.0,39.0,129.0,17.0,35.00000000000001,2729.0
334,2021-01-21,24.0,48.0,9.0,2.0,5.0,19.0,283.0,39.0,17.0,16.0,326.0,135.0,24.0,56.0,117.0,60.0,25.0,26.0,109.0,21.0,97.00000000000001,40.0,13.0,35.0,37.0,39.0,19.0,24.0,23.0,75.0,13.0,19.000000000000004,1795.0
335,2021-01-22,17.0,32.0,18.0,2.0,11.0,31.0,275.0,39.0,6.0,10.0,253.0,129.0,38.0,76.0,144.0,84.0,27.0,40.0,102.0,26.0,107.00000000000001,61.0,15.0,44.0,35.0,23.0,17.0,28.0,21.0,76.0,14.0,25.000000000000004,1826.0
336,2021-01-23,12.0,26.0,13.0,1.0,12.0,21.0,190.0,41.0,9.0,6.0,238.0,124.0,25.0,49.0,152.0,49.0,43.0,26.0,102.0,21.0,94.00000000000001,35.0,17.0,43.0,35.0,29.0,9.0,30.0,20.0,71.0,11.0,20.000000000000004,1574.0
337,2021-01-24,23.0,30.0,10.0,3.0,8.0,16.0,219.0,24.0,3.0,11.0,283.0,115.0,36.0,44.0,141.0,64.0,39.0,17.0,61.0,26.0,98.00000000000001,39.0,8.0,35.0,18.0,32.0,8.0,25.0,23.0,85.0,11.0,23.000000000000004,1578.0
338,2021-01-25,16.0,28.0,12.0,3.0,8.0,27.0,315.0,50.0,4.0,15.0,367.0,153.0,39.0,59.0,188.0,80.0,44.0,30.0,87.0,44.0,131.00000000000003,45.0,12.0,49.0,43.0,25.0,17.0,29.0,26.0,87.0,20.0,31.000000000000007,2084.0
339,2021-01-26,20.0,23.000000000000004,20.0,2.0,2.0,19.0,222.0,26.0,6.0,10.0,264.0,101.0,47.0,46.0,103.00000000000001,55.0,40.0,24.0,102.0,25.0,85.00000000000001,32.0,14.0,38.0,25.0,18.0,11.0,24.0,12.0,63.00000000000001,17.0,15.000000000000004,1511.0000000000002
340,2021-01-27,17.0,23.0,9.0,2.0,8.0,23.0,233.0,27.0,14.0,8.0,255.00000000000003,106.0,33.0,45.0,95.0,40.0,25.0,13.0,82.0,20.0,86.00000000000001,46.0,8.0,30.0,33.0,21.0,8.0,17.0,18.0,68.0,11.0,12.000000000000002,1436.0
341,2021-01-28,17.0,15.0,9.0,3.0,10.0,19.0,270.0,38.0,6.0,8.0,284.0,129.0,29.0,55.0,114.0,54.0,41.0,23.0,93.00000000000001,24.0,77.00000000000001,26.0,15.0,26.0,26.0,25.0,9.0,20.0,33.0,56.0,14.0,21.000000000000004,1589.0
342,2021-01-29,17.0,20.0,17.0,7.0,10.0,13.0,216.0,30.0,12.0,12.0,210.00000000000003,93.0,31.0,30.0,109.00000000000001,45.0,28.0,23.0,84.0,24.0,78.00000000000001,60.0,7.0,32.0,14.0,17.0,8.0,16.0,28.0,64.0,15.0,15.000000000000002,1385.0
343,2021-01-30,18.0,11.0,6.0,5.0,7.0,17.0,183.0,26.0,4.0,6.0,195.0,78.0,25.0,28.0,85.0,40.0,37.0,23.0,72.0,25.0,81.00000000000001,33.0,8.0,27.0,30.0,17.0,3.0,16.0,21.0,62.0,10.0,10.000000000000002,1209.0
344,2021-01-31,15.0,17.0,17.0,2.0,1.0000000000000009,16.0,222.0,30.0,12.0,11.0,262.0,121.0,33.0,42.0,106.0,48.0,24.0,9.0,65.0,22.0,92.00000000000001,40.0,7.0,25.0,27.000000000000004,23.0,7.0,8.0,23.0,66.0,16.0,13.000000000000002,1422.0
345,2021-02-01,17.0,28.000000000000004,12.0,6.0,10.0,26.0,336.0,41.0,9.0,12.0,345.0,124.0,75.0,70.0,176.0,97.0,38.0,14.0,115.0,38.0,179.00000000000003,41.0,16.0,50.00000000000001,52.0,28.0,15.0,35.0,34.0,83.0,24.0,34.00000000000001,2180.0
346,2021-02-02,14.0,22.0,10.0,2.0,6.0,15.0,240.0,27.0,6.0,13.0,245.0,85.0,41.0,52.0,89.0,51.0,36.0,14.0,70.0,20.0,102.00000000000001,35.0,16.0,32.0,20.0,20.0,11.0,13.0,22.0,50.0,19.0,17.0,1415.0
347,2021-02-03,10.0,16.0,7.0,2.0,3.0,11.0,177.0,23.0,3.0,8.0,178.0,66.0,29.0,38.0,71.0,45.0,18.0,9.0,72.0,17.0,66.00000000000001,30.0,8.0,19.0,22.0,18.0,7.0,19.0,13.0,35.0,22.0,13.000000000000002,1075.0
348,2021-02-04,14.0,14.0,3.0,4.0,12.0,16.0,171.0,21.0,4.0,4.0,142.0,80.0,18.0,32.0,64.0,34.0,32.0,12.0,55.0,26.0,78.00000000000001,24.0,5.0,12.0,19.0,14.0,9.0,14.0,16.0,34.0,16.0,11.000000000000002,1010.0
349,2021-02-05,18.0,14.0,15.0,2.0,4.0,23.0,207.00000000000003,16.0,6.0,11.0,199.0,70.0,31.0,32.0,72.0,29.0,50.0,17.0,56.0,29.0,86.00000000000001,29.0,7.0,26.0,22.0,18.0,10.0,19.0,21.0,71.0,23.0,10.000000000000002,1243.0
350,2021-02-06,6.0,13.0,9.0,2.0,5.0,12.0,124.0,14.0,9.0,7.0,183.0,54.0,22.0,27.0,58.0,29.0,40.0,10.0,55.0,14.0,49.000000000000014,23.0,5.0,16.0,20.0,14.0,8.0,15.0,8.0,46.0,23.0,15.000000000000002,935.0000000000001
351,2021-02-07,11.0,18.0,14.0,5.0,5.0,18.0,154.0,15.0,12.0,22.0,144.0,64.0,19.0,26.0,79.0,32.0,28.0,12.0,47.0,19.0,69.00000000000001,25.0,7.0,20.0,18.0,16.0,5.0,21.0,11.0,51.0,12.0,14.000000000000004,1013.0
352,2021-02-08,25.0,15.0,16.0,4.0,3.0,15.0,208.00000000000003,28.0,3.0,9.0,206.0,76.0,28.0,29.0,61.0,46.0,34.0,8.0,39.0,28.0,66.00000000000001,37.0,10.0,22.0,28.0,11.0,5.0,26.0,17.0,47.0,27.0,12.000000000000004,1189.0
353,2021-02-09,16.0,9.0,10.0,2.0,3.0,19.0,163.0,18.0,6.0,14.0,149.0,43.0,10.0,24.0,47.0,39.0,23.0,8.0,54.0,22.0,75.00000000000001,16.0,10.0,16.0,21.0,16.0,6.0,11.0,12.0,33.0,18.0,11.000000000000004,924.0
354,2021-02-10,7.0,22.0,11.0,4.0,2.0,23.0,222.0,25.0,5.0,13.0,212.00000000000003,79.0,20.0,40.0,70.0,32.0,36.0,5.0,67.0,36.0,108.00000000000003,40.0,10.0,20.0,32.0,15.0,18.0,9.0,17.0,53.0,19.0,20.000000000000004,1292.0000000000002
355,2021-02-11,14.0,5.0,4.0,4.0,5.0,20.0,148.0,14.0,7.0,6.0,160.0,49.0,14.0,23.0,50.0,31.0,29.000000000000004,12.0,32.0,16.0,61.00000000000001,28.0,4.0,19.0,21.0,14.0,7.0,10.0,10.0,42.0,19.0,13.000000000000004,891.0
356,2021-02-12,9.0,12.0,3.0,3.0,7.0,17.0,158.0,9.0,16.0,7.0,176.0,55.0,27.0,24.0,45.0,32.0,30.0,7.0,48.0,30.0,61.00000000000001,39.0,9.0,15.0,25.000000000000004,7.0,7.0,8.0,10.0,29.0,13.0,14.000000000000004,952.0
357,2021-02-13,10.0,19.0,5.0,2.0,2.0,11.0,127.00000000000001,16.0,6.0,10.0,139.0,46.0,14.0,17.0,47.0,27.0,26.0,7.0,45.0,28.0,56.000000000000014,29.0,10.0,18.0,20.0,11.0,2.0,7.0,11.0,36.0,19.0,11.000000000000004,834.0
358,2021-02-14,8.0,11.0,8.0,7.0,7.0,13.0,167.0,9.0,7.0,6.0,161.0,46.0,22.0,18.0,53.0,23.0,29.0,7.0,47.0,15.0,48.000000000000014,27.0,6.0,14.0,17.0,9.0,5.0,11.0,9.0,33.0,12.0,17.000000000000004,872.0
359,2021-02-15,11.0,10.0,7.0,1.0,6.0,22.0,213.0,28.0,9.0,5.0,220.0,48.0,30.0,29.0,71.0,32.0,24.0,3.0,49.0,32.0,79.00000000000001,39.0,5.0,23.0,33.0,10.0,14.0,14.0,19.0,47.0,18.0,14.000000000000002,1165.0
360,2021-02-16,6.0,9.0,6.0,3.0,3.0,20.0,141.0,20.0,5.0,3.0,150.0,39.0,17.0,20.0,48.0,23.0,20.0,7.0,36.0,16.0,69.00000000000001,30.0,9.0,18.0,13.0,5.0,5.0,10.0,9.0,42.0,17.0,7.000000000000002,826.0
361,2021-02-17,14.0,11.0,6.0,3.0,3.0,19.0,172.0,10.0,11.0,8.0,146.0,47.0,17.0,26.0,58.0,28.0,19.0,8.0,38.0,14.0,76.00000000000001,28.0,5.0,17.0,21.0,3.0,4.0,5.0,9.0,24.0,13.0,7.000000000000002,870.0
362,2021-02-18,10.0,8.0,13.0,4.0,1.0,19.0,163.0,13.0,6.0,5.0,152.0,41.0,9.0,20.0,53.0,34.0,33.0,5.0,47.0,29.0,61.000000000000014,25.0,7.0,11.0,19.0,8.0,7.0,9.0,15.0,28.0,16.0,9.000000000000002,880.0
363,2021-02-19,6.0,7.0,6.0,2.0,5.0,17.0,127.00000000000001,19.0,2.0,6.0,135.0,34.0,15.0,24.0,45.0,43.0,19.0,5.0,40.0,28.0,76.00000000000001,31.0,5.0,18.0,18.0,8.0,9.0,16.0,18.0,42.0,15.0,5.000000000000001,846.0
364,2021-02-20,8.0,17.0,4.0,2.0,1.0,22.0,224.00000000000003,26.0,2.0,2.0,151.0,55.0,27.0,27.0,57.0,42.0,37.0,7.0,57.0,29.0,92.00000000000001,37.0,5.0,16.0,28.000000000000004,5.0,12.0,11.0,19.0,52.00000000000001,21.0,8.000000000000002,1103.0
365,2021-02-21,8.0,12.0,3.0,5.0,4.0,16.0,145.0,16.0,1.0,3.0,117.00000000000001,37.0,13.0,15.0,34.0,22.0,26.0,8.0,45.0,16.0,47.00000000000001,25.0,2.0,11.0,9.0,5.0,1.0,12.0,2.0,21.0,14.0,4.000000000000001,699.0
366,2021-02-22,14.0,5.0,3.0,4.0,3.0000000000000004,19.0,184.0,23.0,4.0,8.0,145.0,48.0,16.0,19.0,56.0,25.0,31.0,9.0,45.0,21.0,61.00000000000001,38.0,4.0,12.0,19.0,8.0,6.0,15.0,11.0,36.0,18.0,8.000000000000002,918.0
367,2021-02-23,9.0,5.0,6.0,2.0,2.0,15.0,136.0,6.0,6.0,3.0,122.0,37.0,16.0,24.0,41.0,21.0,27.0,4.0,38.0,21.0,57.00000000000001,25.0,5.0,13.0,8.0,5.0,4.0,5.0,6.0,21.0,16.0,4.000000000000002,710.0000000000001
368,2021-02-24,8.0,12.0,5.0,2.0,6.0,22.0,120.0,24.0,1.0,7.0,139.0,33.0,23.0,23.0,35.0,21.0,17.0,1.0,40.0,17.0,76.00000000000001,29.0,5.0,8.0,16.0,4.0,6.0,7.0,8.0,27.0,19.0,7.000000000000002,768.0
369,2021-02-25,11.0,7.0,6.0,2.0,3.0,19.0,155.0,15.0,8.0,2.0,132.0,34.0,21.0,18.0,33.0,27.000000000000004,27.0,6.0,31.0,20.0,87.00000000000001,27.0,2.0,12.0,15.0,6.0,10.0,7.0,8.0,42.0,22.0,8.000000000000002,823.0
370,2021-02-26,14.000000000000002,2.0,3.0,6.0,3.0,22.0,153.0,17.0,4.0,2.0,133.0,24.0,9.0,26.0,49.0,28.0,22.0,4.0,36.0,29.0,69.00000000000001,32.0,8.0,17.0,14.0,9.0,8.0,6.0,13.0,32.0,18.0,5.000000000000002,817.0
371,2021-02-27,11.0,13.0,1.0,0.0,5.0,23.0,118.0,13.0,4.0,6.0,93.0,25.0,15.0,19.0,35.0,31.0,30.0,5.0,41.0,22.0,72.00000000000001,25.0,0.0,14.0,12.0,13.0,6.0,8.0,11.0,36.0,10.0,12.000000000000002,729.0
372,2021-02-28,8.0,11.0,11.0,5.0,3.0,31.0,243.0,12.0,3.0,8.0,171.0,53.0,21.0,29.0,38.0,25.0,72.0,9.0,57.0,23.000000000000004,88.00000000000001,51.0,7.0,15.0,16.0,9.0,14.0,9.0,13.0,46.0,15.0,9.000000000000004,1125.0
373,2021-03-01,14.0,13.0,8.01656314699793,4.0,4.0,33.0,217.05288813063615,12.0,4.0,7.000000000000001,239.0,45.0,33.0,35.0,54.0,58.0,53.0359565807327,3.0,67.0,40.0,92.00000000000001,51.0,4.0,27.0,28.0,20.0,22.0,15.0,14.0,51.0,37.0,12.000000000000004,1316.0996818663841
374,2021-03-02,6.0,9.0,9.01863354037267,2.0,6.0,13.0,125.03046551303925,20.0,5.0,2.0000000000000004,119.0,13.0,22.0,28.0,33.0,28.0,33.02238805970149,9.0,35.0,16.0,52.000000000000014,29.0,4.0,14.0,16.0,6.0,14.0,19.0,10.0,27.0,23.0,5.000000000000002,752.0569610665051
375,2021-03-03,15.0,7.0,4.008281573498965,2.0,4.0,17.0,132.03217158176943,4.0,3.0,6.000000000000001,126.00000000000001,28.0,17.0,20.0,42.0,28.0,29.01967435549525,5.0,36.0,20.0,77.00000000000001,39.0,5.0,8.0,22.0,12.0,5.0,5.0,14.0,24.0,19.0,6.000000000000002,781.0591577033783
376,2021-03-04,8.0,4.0,4.008281573498965,3.0,3.0,24.0,122.04460694698354,5.0,1.0,6.000000000000001,108.0,22.0,14.0,23.0,21.0,18.0,34.023066485753056,5.0,35.0,18.0,44.00000000000001,32.0,2.0,6.0,17.0,7.0,7.0,6.0,10.0,23.0,29.0,6.000000000000003,667.0631545060314
377,2021-03-05,10.0,10.0,5.010351966873706,2.0,7.0,31.0,154.0563071297989,8.006785411365565,3.0,7.000000000000001,133.0,27.000000000000004,15.0,13.0,29.0,27.0,22.01492537313433,4.0,34.0,29.000000000000004,61.00000000000001,38.0,4.0,12.0,15.0,7.0,8.0,10.0,10.0,41.021578947368425,11.0,5.000000000000002,792.1049900577597
378,2021-03-06,4.0,7.0,5.010351966873706,2.0,2.0,15.0,99.036197440585,5.004240882103478,1.0,11.0,94.0,17.0,8.0,8.0,28.0,19.0,26.01763907734057,5.0,26.0,18.0,50.000000000000014,31.021483021483018,1.0,7.0,9.0,3.0,2.0,5.0,3.0,21.01105263157895,13.0,4.000000000000002,549.0831755170063
379,2021-03-07,11.0,6.0,6.012422360248448,2.0,8.0,16.0,90.04388103364212,8.006785411365565,2.0,5.0,107.0,30.0,13.0,24.0,27.01036866359447,11.0,27.018317503392133,6.0,24.0,12.0,52.000000000000014,21.014553014553016,4.0083857442348005,15.0,11.0,7.0,8.0,10.00703729767769,7.0,17.017904160084253,13.0,9.000000000000002,609.149946021705
380,2021-03-08,11.0,8.0,1.002070393374741,1.0,1.0,16.0,121.10328008779418,9.00763358778626,1.0,8.0,98.0123721752304,35.0,23.000000000000004,21.0,25.009600614439325,27.0,30.020352781546812,4.0,33.0,21.0,59.00000000000001,32.022176022176026,4.0083857442348005,15.0,14.000000000000002,8.0,8.0,17.023943661971824,14.0,33.0347551342812,18.036217303822934,8.000000000000002,724.2742839824216
381,2021-03-09,7.0,8.0,3.006211180124224,1.0,1.0,14.0,110.13417906806538,8.006785411365565,3.0,4.0,104.02626262626262,28.015677491601345,18.0,16.0,21.008064516129032,25.000000000000004,24.01628222523745,6.0,26.00515055467512,18.0,57.000000000000014,20.013860013860015,9.018867924528301,15.0,18.0,10.0,9.0,9.012676056338025,7.0,16.033737480231945,14.028169014084504,3.0044510385756693,632.3472330106284
382,2021-03-10,9.0,8.0,4.008281573498965,4.0,6.0,30.0,156.22840409956078,12.010178117048346,3.0,6.0,141.08904888215233,24.013437849944008,17.0,19.0,34.01305683563748,34.0,29.019674355495248,4.0,34.006735340729,23.0,75.00000000000001,26.01801801801802,9.03781512605042,17.0,22.0,12.0,11.0,10.014084507042247,5.0,26.06856540084388,21.042253521126757,6.008902077151338,837.5709413369714
383,2021-03-11,5.000000000000001,6.0,7.0144927536231885,1.0,1.0,17.0,87.15928231417064,8.006785411365565,1.0,5.0,93.0587343690792,15.008398656215006,14.0,6.0,23.008832565284177,21.0,22.029871011541072,3.0,24.004754358161648,12.0,45.00000000000001,14.00970200970201,6.025210084033613,12.0,16.0,8.0,11.0,5.0070422535211225,6.0,16.042194092827003,14.028169014084506,5.0074183976261155,529.4009702114759
384,2021-03-12,9.0,3.000000000000001,2.0041407867494825,3.0,4.0,21.01605504587156,105.24361948955918,4.003392705682782,3.0,6.0,87.07694251421351,15.008398656215006,12.0,14.0,26.009984639016896,19.014168530947057,23.03122878479294,6.0,29.01149197543095,11.0,46.00000000000001,19.013167013167013,6.025210084033613,13.0,22.0,6.0,7.0,9.012676056338023,8.0,30.07911392405063,17.034205231388327,6.008902077151339,591.5488505202509
385,2021-03-13,5.0,3.000000000000001,5.010351966873706,2.0,3.0,15.011467889908257,100.28100183262065,3.0025445292620865,3.0,5.0,89.14628903780503,16.026905829596412,11.0,20.0,23.008832565284177,16.01193139448173,18.024439918533606,2.0,28.01109570041609,10.0,44.000000000000014,18.012474012474012,4.016806722689076,10.0,14.0,9.024489795918367,4.0,6.008450704225348,4.0,22.05801687763713,10.020120724346075,8.023774145616644,530.6430575566847
386,2021-03-14,7.0,4.0,8.0,3.0456140427892704,3.369735811132446,23.0,80.97822368843536,6.0,3.0,8.236220624784943,81.37711874977055,23.19999980854537,15.0,14.128592841645602,23.81168276202843,14.845402932506687,22.0,2.2004484543166973,27.66858259991028,14.88011587636851,57.718657025216885,24.0,13.0,16.0,16.463203768789327,11.0,10.132802889026674,4.551876303771353,5.193791970972659,29.0,14.987307443178217,6.0,542.6590264335455
387,2021-03-15,5.290199658061817,6.0,7.085758364365307,3.1549652172477254,3.0,29.700602133055373,163.0,10.0,3.0,6.008759034870796,133.0,37.0,15.284844537253164,31.0,29.0,21.0,25.042211049953078,3.212827102248818,28.03008299257346,19.0,75.15207437430078,32.0,6.0,13.534470080913907,28.615822352409015,11.163964365167661,22.737452932379842,11.0949493281685,17.0,31.41953984967497,17.0,10.0,798.0
388,2021-03-16,9.976733722864168,5.830261906783258,6.810565532973583,3.3981340404686007,2.825645339031721,20.709151226416132,95.53049086586844,10.0,3.0,8.064718484321997,79.17854617923855,22.550232268530248,14.849329223825368,16.0,25.77546664156419,22.916630937846204,23.11300578895352,3.2642761819096195,32.12606948260315,12.0,59.108652072981414,23.810554172362604,10.0,8.0,20.575210024763653,5.833354316713284,10.432146926609482,6.458823913918358,15.0,22.403162926093003,21.62389662891432,11.116339666472747,563.6016639471129
389,2021-03-17,4.546002617676627,6.143147035635944,6.651131628946515,2.0,2.4028227826974775,27.70087037736655,104.82552102960956,7.0,2.218871780458998,6.0,78.04258641896583,27.0,13.472491588355025,11.0,26.0,25.01669442329928,17.0,3.915779525618575,30.0,16.566490883300656,50.885369738835244,28.348183876786525,5.272070923037033,11.237898373822166,13.449258250070523,10.0,16.69834748021736,9.597963787938328,5.1132090825626975,24.37075043757144,19.006564601385687,6.0,549.852300744149
390,2021-03-18,10.0,8.0,9.68069943157287,3.0,2.0,21.56793436633778,105.07203391564167,9.595821282700074,4.0,8.0,91.0,20.849447111311008,17.097031169490982,21.0,24.0,23.129336826371397,29.326759804352577,5.951625464670159,27.048463221734167,7.133623148093395,57.337012512298706,22.064049981532794,9.401574485701872,8.545262873380956,14.44545253182104,9.0,12.75598506118405,9.614033639502567,6.0,34.0,11.498594902513451,5.626566801632526,586.0
391,2021-03-19,7.760138122949732,7.0,8.0,3.608486488210267,2.8125162657638416,27.77981973970262,110.69265033364056,4.7387218861582,4.0,8.337367224924572,76.0,24.0,8.840355888315548,26.0,24.987162473174934,20.999077730766583,20.586166519275892,5.015104043068353,21.597680543818903,10.683653737832076,59.02880305061907,23.43402130636133,10.0,10.779134739220204,15.541531412525021,11.793856657491114,15.94451120619725,6.309643464031164,6.0743214946927555,22.29713821571602,12.0,12.0,535.3559642708191
392,2021-03-20,10.305682686448927,6.0,8.0,4.931551863356185,4.264908689086177,31.575925814791997,123.27506071248031,9.0,3.701443694952956,5.020741904332827,92.47651050641807,22.0508652136277,22.0,22.0,30.42686100231315,23.938571712396502,23.870256103390904,6.003899669073004,25.0,19.506038437852517,84.39978081107633,22.214023760313605,7.0,16.726179039592743,19.911247481032078,5.0,16.716319342592595,10.0,8.57612841829902,26.266586224950565,19.50102060553384,10.009640836481195,627.0
393,2021-03-21,8.223316118392185,6.259171792068078,5.780161536112254,2.711025300734545,4.0,20.0,84.11961531121739,7.0,2.6749389580691036,6.054431582612633,79.44709667520026,18.0,7.319566833482689,10.91397054545391,18.86115908740258,11.201474407089426,20.904476760678456,3.5027086363926663,18.256846391916316,10.131449082647006,46.64646363457783,12.619749462434775,6.688117719243922,11.083199356667432,15.730634357749429,6.311820132473745,9.467240751260219,7.0,3.3269039054854614,21.0,11.179125940984985,5.0,426.89035529645196
394,2021-03-22,9.372763369653116,11.0,10.172806412865429,4.0,3.200140841319202,25.871671230134748,91.90986696231776,6.676424342859077,2.0,6.562645934660644,97.16188840124788,24.56000556144215,10.57562207104135,11.664293268326245,23.11481317907839,19.95761391719273,21.55381499333285,5.841611810437533,22.997593071419736,9.920872848626834,54.2719892674681,18.614087932726132,6.1862623936544185,12.792937886033817,9.845710772358014,9.0,15.721178459868385,9.535871724530532,7.717823294865478,18.358163164165315,11.361881482451532,5.0,508.4283509788659
395,2021-03-23,10.283077843930526,6.055815302791776,4.072115043743581,2.1831474957495542,2.529216669816875,16.22895845480556,101.77266220754403,6.2067440577288275,1.2994596929179567,11.186303940664612,75.72971099897215,14.784271106899446,11.629366427032824,13.31038975876277,20.683093828617118,20.301552269558528,19.757126440748888,3.0540818367176503,24.963073571097596,11.558405795511653,54.37323261213281,15.927479086630449,6.672630437226587,11.687399427007355,17.10292720812581,9.0,9.042887829504748,10.442129476758973,4.580414685991888,21.79934950589636,17.95537843184863,9.142376854397128,488.6677445668747
396,2021-03-24,8.060541995540895,8.0,5.757924746283868,1.8134229012382472,5.053441073644616,15.926286414964762,72.88612012877418,3.850686506313539,1.3493546906206457,8.0,67.65351909010994,19.125052106169235,8.193405130195325,13.810456369903205,21.23437339448457,18.90276752078474,29.91275681019763,3.7749777051199764,19.69286265716746,10.99296815792863,40.796121086947835,11.342699162373536,4.796465069954119,9.225416876673505,9.563805694500495,9.0,13.454794084991986,8.67870364243004,5.842485294731612,18.744685272662842,12.01510596744845,6.350978794993904,417.28468564355734
397,2021-03-25,8.988951411165466,6.3059513786592145,5.569647054960417,2.416786781051303,3.6996952846206006,19.38933631278428,90.05300756280403,7.0,2.2304997018125707,7.3735453713265,78.37563223601626,20.0,9.269459838708986,10.76360277006275,22.1428652182107,15.472044798411698,24.66894202712522,4.010300791648574,21.246338553272775,14.204559827655775,50.8222165161721,17.273948280075057,7.0,10.554640281562572,12.909045091445881,8.195573806881871,11.044336485068378,8.800034332132538,5.992826002946389,17.184389714235678,12.9107249141411,6.756264401488606,440.0793697838215
398,2021-03-26,8.909397075735106,5.955306534836139,5.63942670727785,2.41914323463489,4.0,19.157778664809516,89.31817310804038,6.0,2.2909153049245674,8.0,78.16474744123389,16.96870215002626,8.829430354736365,10.181693205337389,21.23313683067452,15.284447970381708,25.5672928267515,3.802486231111686,22.029754647039983,14.076712050066295,49.06537484009672,17.70380967712831,5.745371080833407,9.905723256371292,12.842502784686305,8.20799790118125,11.04447372755669,8.578802913795549,5.999068707383441,17.14254850059796,13.078768185445728,6.604384552148267,432.56882754139
399,2021-03-27,8.836594236837177,5.7902779726319515,5.75563886255382,2.394627860796584,3.527213586563954,19.64711019534922,90.41498416946956,7.0,2.4131623818160355,7.55237831639047,77.69300181583766,16.37400603055841,7.899015965143393,9.91051524967073,20.94139145868079,14.723050004543534,25.367812987288282,3.664396134435934,21.963680440892414,14.45154052184514,48.20577374385788,18.93915096880527,5.842904753746453,9.583669745094456,12.790600894379821,8.369690601801267,11.241169172571949,8.40100629721611,6.252731835686516,17.51148241928797,12.397905204140184,6.794214822773949,424.7301021593703
400,2021-03-28,8.742608099488235,5.386520342465927,5.926050515360882,2.5397555729567913,3.5038127047781997,19.600626480864083,90.81419864957115,5.237310568836733,4.0,7.704377350888971,76.6644156600196,15.811511517389315,7.650421364099813,10.009625815252747,21.34327522558819,14.915404106460896,25.392192106709246,3.7251077633140417,22.18355401379739,14.648665482638341,49.420819153415614,19.94136345904745,5.705361116863345,9.275466988082195,13.130526022084174,8.063306462256659,11.633618217585962,8.095663425514855,6.483656774927938,16.758142234263254,12.666122220853147,7.234102341878201,420.6397346200974
401,2021-03-29,9.048386369876216,5.102745415718081,6.077775840677433,2.5757901207560354,3.787170646823535,19.19015277936166,87.24054504216653,5.282443155678646,2.553015813914251,7.504527526947978,74.03179417672003,15.563178517749417,7.256688385901931,10.101096485400435,20.85991597625717,13.681911649661382,25.722948209298643,3.7190748454013005,29.0,14.407715435910315,49.114600014886165,19.76914154869067,5.743739726544918,9.366012434026745,13.487387688937563,7.801264232586062,11.806386825054783,7.889731426263093,6.727130507035749,15.973374492000861,12.436531316203022,7.5339105070969214,401.90277442917693
402,2021-03-30,9.269657265676933,5.451947724103303,6.284466764896396,2.6007872052649454,3.6236446855768665,19.457328442678605,87.50692858948702,5.376762023972634,2.653853323738583,7.537029844266203,73.92800481446824,16.093740838649296,7.551477150998858,10.222943044605197,20.51911727626191,13.672381693645326,25.764932595984256,3.8338273534206357,21.986129753147317,14.75431164868293,49.68122354728508,20.630176863503948,5.855152708861429,9.512968739462064,13.501607126055061,7.833647199879259,12.417709200111085,8.300243697145637,7.190422240346657,16.159235511547596,12.430538758732421,7.559302873062507,400.9438990850086
403,2021-03-31,9.433123704455575,5.632132857336264,6.37881234327777,2.564367621759718,3.607272742805069,19.174978107477646,88.75039520011134,5.505057982414759,2.754863890443555,7.6364513272313905,74.40346257757936,15.198389772295254,7.7381883551576225,10.275928526887819,20.001011023471428,14.093475730719614,25.064430856745624,4.05966898821944,22.191220999010877,14.595760963503965,50.46986393370987,20.650258785150978,6.239355341147277,9.597760822177833,13.837722858613029,7.900169478267435,12.688481885341737,8.233080266409287,6.896310414949093,15.618460077992486,12.699965151695865,7.612148271924741,399.5735608550664
404,2021-04-01,9.673918614111283,5.841412471085679,6.536860934506162,2.6400631660762013,3.882210271995791,19.218289703842338,88.95918943229002,5.649304048589778,2.7075131996766477,7.800817790945287,74.58350030924508,14.154220119932399,7.553763599980686,10.478167997115161,20.320765869392634,14.511427459189525,25.206620407840738,4.06268726861944,22.092262671005475,14.51159706590311,51.51889219134892,20.415135130536353,6.39061871797013,9.637987765597755,13.888763106878285,8.05972298584145,12.947370610058888,8.168697192736538,6.474561903982326,15.350239424223,12.881135850179119,7.69434489691817,395.75787762462625
405,2021-04-02,9.625735331775084,6.042708971731784,6.726872710568997,2.3973192652706135,3.6789134723339907,18.369049136694812,87.85586904033234,5.582956115125564,2.4967085405292933,7.680023637204128,72.70443375229388,13.687822651458465,7.619384531972005,9.682257649385935,20.046003694885126,14.628376568175954,26.747805246197203,4.159702993483384,21.74529388185964,14.755975870185111,51.12828520572069,19.81063705397384,6.445518573185804,9.54351086194652,13.304775275995572,7.8582199562725235,13.25528011703249,8.13989271032734,6.121850339037294,14.843888813001207,12.435296038749435,7.649408825686673,381.7172673630709
406,2021-04-03,9.68194385469345,5.961516571819142,6.6109677014257135,2.32027010299467,3.856008397278713,17.604555404073647,86.44932913512793,5.330540351398465,2.3445233393786413,7.860119531781229,71.497345221255,12.83697420210589,7.510822997575784,9.130107138736493,19.69479222485729,14.079474642760974,26.714052939346896,4.306192085727746,21.41195208370564,14.715529312638468,49.742870940105895,19.408664394347138,6.223043684705465,9.34233844430042,13.452477886999905,7.701992412361061,13.244601300319937,8.455149407906926,5.691449910847329,14.697675413103715,12.23199672139701,7.587562535242905,369.3296395834862
